"mturk_id","trial_type","stim_type","train_type","category_type","dimension","z"
1,"XAB","HD","CONTROL","BETWEEN","shape-relevant",-0.0876243270947157
1,"XAB","HD","CONTROL","WITHIN","shape-relevant",0.208704950621706
2,"XAB","LD","TRAIN","BETWEEN","shape-relevant",0.168376114009411
2,"XAB","LD","TRAIN","WITHIN","shape-relevant",-0.130531733822885
3,"Similarity","LD","CONTROL","BETWEEN","shape-relevant",-0.764647851480491
3,"Similarity","LD","CONTROL","WITHIN","shape-relevant",-0.846221142668041
4,"Similarity","LD","CONTROL","BETWEEN","shape-relevant",-0.98906644174308
4,"Similarity","LD","CONTROL","WITHIN","shape-relevant",-1.00126824932239
5,"XAB","LD","TRAIN","BETWEEN","shape-relevant",-0.0534324873582056
5,"XAB","LD","TRAIN","WITHIN","shape-relevant",0.00355391220264467
6,"XAB","HD","TRAIN","BETWEEN","shape-relevant",0.296084096615009
6,"XAB","HD","TRAIN","WITHIN","shape-relevant",0.07763623163175
7,"Similarity","HD","CONTROL","BETWEEN","shape-relevant",0.131917828088086
7,"Similarity","HD","CONTROL","WITHIN","shape-relevant",0.815223260049363
8,"Same-Different","LD","CONTROL","BETWEEN","shape-relevant",-0.128127636112092
8,"Same-Different","LD","CONTROL","WITHIN","shape-relevant",-0.280602482937714
9,"Same-Different","HD","CONTROL","BETWEEN","shape-relevant",0.64352767564888
9,"Same-Different","HD","CONTROL","WITHIN","shape-relevant",0.815649479021993
10,"XAB","LD","TRAIN","BETWEEN","shape-relevant",-0.315569925338117
10,"XAB","LD","TRAIN","WITHIN","shape-relevant",0.033946658635098
11,"Same-Different","HD","TRAIN","BETWEEN","shape-relevant",0.282891516200453
11,"Same-Different","HD","TRAIN","WITHIN","shape-relevant",0.248214962407335
12,"XAB","LD","CONTROL","BETWEEN","shape-relevant",0.249033787234
12,"XAB","LD","CONTROL","WITHIN","shape-relevant",0.133808539770302
13,"XAB","HD","CONTROL","BETWEEN","shape-relevant",0.447011712421625
13,"XAB","HD","CONTROL","WITHIN","shape-relevant",0.470842388601617
14,"Same-Different","HD","TRAIN","BETWEEN","shape-relevant",0.315091173294062
14,"Same-Different","HD","TRAIN","WITHIN","shape-relevant",-0.247455777106057
15,"Same-Different","HD","CONTROL","BETWEEN","shape-relevant",0.349184927863767
15,"Same-Different","HD","CONTROL","WITHIN","shape-relevant",0.229856786869802
16,"XAB","HD","CONTROL","BETWEEN","shape-relevant",0.249033787234
16,"XAB","HD","CONTROL","WITHIN","shape-relevant",0.11618585486409
17,"Similarity","HD","TRAIN","BETWEEN","shape-relevant",0.939630606045812
17,"Similarity","HD","TRAIN","WITHIN","shape-relevant",0.538499938590116
18,"Same-Different","HD","TRAIN","BETWEEN","shape-relevant",0.110528645875837
18,"Same-Different","HD","TRAIN","WITHIN","shape-relevant",0.110528645875837
19,"XAB","LD","TRAIN","BETWEEN","shape-relevant",0.161043598261722
19,"XAB","LD","TRAIN","WITHIN","shape-relevant",0.208704950621706
20,"Similarity","LD","TRAIN","BETWEEN","shape-relevant",0.0784150056127347
20,"Similarity","LD","TRAIN","WITHIN","shape-relevant",0.405726390167828
21,"XAB","LD","TRAIN","BETWEEN","shape-relevant",0.229675945660098
21,"XAB","LD","TRAIN","WITHIN","shape-relevant",-0.105859974954188
22,"Similarity","LD","TRAIN","BETWEEN","shape-relevant",0.652259003534644
22,"Similarity","LD","TRAIN","WITHIN","shape-relevant",0.341095879824703
23,"Same-Different","LD","TRAIN","BETWEEN","shape-relevant",0.373050556062559
23,"Same-Different","LD","TRAIN","WITHIN","shape-relevant",0.237811996269399
24,"XAB","LD","TRAIN","BETWEEN","shape-relevant",0.481327886120813
24,"XAB","LD","TRAIN","WITHIN","shape-relevant",-0.0735969056643525
25,"Similarity","HD","CONTROL","BETWEEN","shape-relevant",0.831913088807272
25,"Similarity","HD","CONTROL","WITHIN","shape-relevant",1.01058366631381
26,"Similarity","LD","CONTROL","BETWEEN","shape-relevant",0.662951498222403
26,"Similarity","LD","CONTROL","WITHIN","shape-relevant",0.542382206087844
27,"XAB","HD","TRAIN","BETWEEN","shape-relevant",0.296084096615009
27,"XAB","HD","TRAIN","WITHIN","shape-relevant",0.512232510387918
28,"XAB","HD","CONTROL","BETWEEN","shape-relevant",0.397443905967241
28,"XAB","HD","CONTROL","WITHIN","shape-relevant",0.459445108689447
29,"XAB","HD","CONTROL","BETWEEN","shape-relevant",0.410349133683176
29,"XAB","HD","CONTROL","WITHIN","shape-relevant",0.0707378780006997
30,"Same-Different","HD","CONTROL","BETWEEN","shape-relevant",0.395590316028086
30,"Same-Different","HD","CONTROL","WITHIN","shape-relevant",0.373050556062559
31,"Similarity","LD","CONTROL","BETWEEN","shape-relevant",0.813882113095603
31,"Similarity","LD","CONTROL","WITHIN","shape-relevant",0.50407716677693
32,"Similarity","HD","TRAIN","BETWEEN","shape-relevant",0.725169712594192
32,"Similarity","HD","TRAIN","WITHIN","shape-relevant",0.546523291418753
33,"Similarity","LD","TRAIN","BETWEEN","shape-relevant",0.629179354623708
33,"Similarity","LD","TRAIN","WITHIN","shape-relevant",-0.54870375501268
34,"Similarity","LD","CONTROL","BETWEEN","shape-relevant",0.411778745651465
34,"Similarity","LD","CONTROL","WITHIN","shape-relevant",0.152199943797697
35,"XAB","HD","TRAIN","BETWEEN","shape-relevant",0.249033787234
35,"XAB","HD","TRAIN","WITHIN","shape-relevant",-0.130531733822885
36,"XAB","HD","CONTROL","BETWEEN","shape-relevant",0.470842388601617
36,"XAB","HD","CONTROL","WITHIN","shape-relevant",0.333532302040711
37,"Same-Different","LD","TRAIN","BETWEEN","shape-relevant",-0.366783918100022
37,"Same-Different","LD","TRAIN","WITHIN","shape-relevant",0.170192716372819
38,"XAB","LD","TRAIN","BETWEEN","shape-relevant",0.565211866274385
38,"XAB","LD","TRAIN","WITHIN","shape-relevant",0.0657208935417539
39,"XAB","LD","CONTROL","BETWEEN","shape-relevant",-0.220247220618149
39,"XAB","LD","CONTROL","WITHIN","shape-relevant",0.033946658635098
40,"Similarity","LD","TRAIN","BETWEEN","shape-relevant",0.781819759921035
40,"Similarity","LD","TRAIN","WITHIN","shape-relevant",0.88938079749259
41,"Similarity","HD","TRAIN","BETWEEN","shape-relevant",0.606799089013104
41,"Similarity","HD","TRAIN","WITHIN","shape-relevant",0.852354622769163
42,"XAB","HD","TRAIN","BETWEEN","shape-relevant",0.00984206663694532
42,"XAB","HD","TRAIN","WITHIN","shape-relevant",0.208704950621706
43,"Similarity","HD","TRAIN","BETWEEN","shape-relevant",0.517452872395768
43,"Similarity","HD","TRAIN","WITHIN","shape-relevant",0.329668456256789
44,"Same-Different","HD","CONTROL","BETWEEN","shape-relevant",-0.167903683110081
44,"Same-Different","HD","CONTROL","WITHIN","shape-relevant",0.67733731559717
45,"Similarity","LD","CONTROL","BETWEEN","shape-relevant",-0.0958625705385948
45,"Similarity","LD","CONTROL","WITHIN","shape-relevant",0.0445108106216694
46,"Same-Different","HD","CONTROL","BETWEEN","shape-relevant",-0.0713047118292522
46,"Same-Different","HD","CONTROL","WITHIN","shape-relevant",0.373050556062559
47,"Same-Different","HD","TRAIN","BETWEEN","shape-relevant",0.282891516200453
47,"Same-Different","HD","TRAIN","WITHIN","shape-relevant",0.446817043222465
48,"XAB","LD","TRAIN","BETWEEN","shape-relevant",-0.0876243270947157
48,"XAB","LD","TRAIN","WITHIN","shape-relevant",0.033946658635098
49,"Same-Different","LD","TRAIN","BETWEEN","shape-relevant",-0.235522963006661
49,"Same-Different","LD","TRAIN","WITHIN","shape-relevant",-0.699198025154638
50,"Similarity","HD","CONTROL","BETWEEN","shape-relevant",0.101203244815199
50,"Similarity","HD","CONTROL","WITHIN","shape-relevant",0.434575951306498
51,"Similarity","HD","CONTROL","BETWEEN","shape-relevant",-0.11828654760547
51,"Similarity","HD","CONTROL","WITHIN","shape-relevant",-0.493855379883429
52,"XAB","HD","TRAIN","BETWEEN","shape-relevant",0.0589121289188992
52,"XAB","HD","TRAIN","WITHIN","shape-relevant",0.094732151500005
53,"Similarity","HD","CONTROL","BETWEEN","shape-relevant",1.22695537485383
53,"Similarity","HD","CONTROL","WITHIN","shape-relevant",0.548335016251026
54,"Same-Different","HD","TRAIN","BETWEEN","shape-relevant",0.757412778632593
54,"Same-Different","HD","TRAIN","WITHIN","shape-relevant",0.459989630215305
55,"Similarity","HD","CONTROL","BETWEEN","shape-relevant",0.34999428342267
55,"Similarity","HD","CONTROL","WITHIN","shape-relevant",-0.223718580130428
56,"XAB","LD","TRAIN","BETWEEN","shape-relevant",0.0619079853529554
56,"XAB","LD","TRAIN","WITHIN","shape-relevant",0.418414901005634
57,"Similarity","HD","CONTROL","BETWEEN","shape-relevant",0.727005593757562
57,"Similarity","HD","CONTROL","WITHIN","shape-relevant",0.693625936241746
58,"Same-Different","HD","CONTROL","BETWEEN","shape-relevant",-0.247455777106057
58,"Same-Different","HD","CONTROL","WITHIN","shape-relevant",-0.119604197469666
59,"Same-Different","HD","TRAIN","BETWEEN","shape-relevant",-0.0967254937452597
59,"Same-Different","HD","TRAIN","WITHIN","shape-relevant",-0.0552048832824474
60,"Similarity","LD","CONTROL","BETWEEN","shape-relevant",0.283490424953658
60,"Similarity","LD","CONTROL","WITHIN","shape-relevant",0.0632342739761298
61,"Similarity","LD","TRAIN","BETWEEN","shape-relevant",0.574327721497717
61,"Similarity","LD","TRAIN","WITHIN","shape-relevant",0.448813397063244
62,"Similarity","LD","TRAIN","BETWEEN","shape-relevant",0.369533304375678
62,"Similarity","LD","TRAIN","WITHIN","shape-relevant",-0.0501583861143651
63,"Similarity","LD","TRAIN","BETWEEN","shape-relevant",0.669135426651337
63,"Similarity","LD","TRAIN","WITHIN","shape-relevant",0.588543127864747
64,"Same-Different","LD","CONTROL","BETWEEN","shape-relevant",-0.280602482937714
64,"Same-Different","LD","CONTROL","WITHIN","shape-relevant",-0.375963005868789
65,"Similarity","LD","CONTROL","BETWEEN","shape-relevant",0.631176631933309
65,"Similarity","LD","CONTROL","WITHIN","shape-relevant",0.277870380575994
66,"XAB","HD","TRAIN","BETWEEN","shape-relevant",0.161043598261722
66,"XAB","HD","TRAIN","WITHIN","shape-relevant",0.00355391220264467
67,"Similarity","HD","TRAIN","BETWEEN","shape-relevant",0.486046191065261
67,"Similarity","HD","TRAIN","WITHIN","shape-relevant",0.422830873056367
68,"Same-Different","LD","CONTROL","BETWEEN","shape-relevant",-0.539809722541271
68,"Same-Different","LD","CONTROL","WITHIN","shape-relevant",-0.210165733045443
69,"Same-Different","HD","TRAIN","BETWEEN","shape-relevant",-0.0967254937452597
69,"Same-Different","HD","TRAIN","WITHIN","shape-relevant",0.170192716372819
70,"Same-Different","HD","TRAIN","BETWEEN","shape-relevant",0.110528645875837
70,"Same-Different","HD","TRAIN","WITHIN","shape-relevant",0.930909615209345
71,"Same-Different","LD","TRAIN","BETWEEN","shape-relevant",0.373050556062559
71,"Same-Different","LD","TRAIN","WITHIN","shape-relevant",0.057493916545186
72,"Same-Different","LD","TRAIN","BETWEEN","shape-relevant",0.84638551533862
72,"Same-Different","LD","TRAIN","WITHIN","shape-relevant",0.707169350845661
73,"XAB","HD","TRAIN","BETWEEN","shape-relevant",-0.452337284284157
73,"XAB","HD","TRAIN","WITHIN","shape-relevant",-1.20280433080859
74,"XAB","HD","CONTROL","BETWEEN","shape-relevant",0.410349133683176
74,"XAB","HD","CONTROL","WITHIN","shape-relevant",0.453366559402956
75,"XAB","HD","CONTROL","BETWEEN","shape-relevant",0.033946658635098
75,"XAB","HD","CONTROL","WITHIN","shape-relevant",-0.0876243270947157
76,"XAB","LD","CONTROL","BETWEEN","shape-relevant",0.133808539770302
76,"XAB","LD","CONTROL","WITHIN","shape-relevant",0.033946658635098
77,"XAB","LD","TRAIN","BETWEEN","shape-relevant",0.368266869392086
77,"XAB","LD","TRAIN","WITHIN","shape-relevant",0.31355992581367
78,"Similarity","HD","TRAIN","BETWEEN","shape-relevant",0.74105570470172
78,"Similarity","HD","TRAIN","WITHIN","shape-relevant",0.686728609050978
79,"Similarity","LD","CONTROL","BETWEEN","shape-relevant",0.414804923393283
79,"Similarity","LD","CONTROL","WITHIN","shape-relevant",0.11067406034052
80,"Same-Different","LD","TRAIN","BETWEEN","shape-relevant",0.282891516200453
80,"Same-Different","LD","TRAIN","WITHIN","shape-relevant",0.423765015984995
81,"Similarity","HD","TRAIN","BETWEEN","shape-relevant",0.374581977574945
81,"Similarity","HD","TRAIN","WITHIN","shape-relevant",0.411778745651465
82,"Similarity","LD","CONTROL","BETWEEN","shape-relevant",0.874233726014825
82,"Similarity","LD","CONTROL","WITHIN","shape-relevant",0.724988141929683
83,"Similarity","HD","TRAIN","BETWEEN","shape-relevant",0.794408659327001
83,"Similarity","HD","TRAIN","WITHIN","shape-relevant",0.552824943009268
84,"Same-Different","LD","CONTROL","BETWEEN","shape-relevant",0.50828911585572
84,"Same-Different","LD","CONTROL","WITHIN","shape-relevant",0.170192716372819
85,"Same-Different","HD","CONTROL","BETWEEN","shape-relevant",-0.210165733045443
85,"Same-Different","HD","CONTROL","WITHIN","shape-relevant",0.248214962407335
86,"XAB","LD","CONTROL","BETWEEN","shape-relevant",0.470842388601617
86,"XAB","LD","CONTROL","WITHIN","shape-relevant",0.291485194194309
87,"XAB","HD","TRAIN","BETWEEN","shape-relevant",-0.00100499976222333
87,"XAB","HD","TRAIN","WITHIN","shape-relevant",0.266957714617241
88,"Similarity","LD","TRAIN","BETWEEN","shape-relevant",-0.0251436787863353
88,"Similarity","LD","TRAIN","WITHIN","shape-relevant",-0.413863414908026
89,"XAB","HD","TRAIN","BETWEEN","shape-relevant",0.161043598261722
89,"XAB","HD","TRAIN","WITHIN","shape-relevant",-0.0876243270947157
90,"XAB","HD","TRAIN","BETWEEN","shape-relevant",0.31355992581367
90,"XAB","HD","TRAIN","WITHIN","shape-relevant",-0.16577710363531
91,"Similarity","HD","CONTROL","BETWEEN","shape-relevant",0.631176631933309
91,"Similarity","HD","CONTROL","WITHIN","shape-relevant",0.255517931346653
92,"Similarity","LD","TRAIN","BETWEEN","shape-relevant",0.762936410812088
92,"Similarity","LD","TRAIN","WITHIN","shape-relevant",0.463425512445168
93,"XAB","HD","TRAIN","BETWEEN","shape-relevant",0.00355391220264467
93,"XAB","HD","TRAIN","WITHIN","shape-relevant",-0.481130412483324
94,"XAB","HD","CONTROL","BETWEEN","shape-relevant",-0.16577710363531
94,"XAB","HD","CONTROL","WITHIN","shape-relevant",0.239544649207577
95,"Similarity","HD","CONTROL","BETWEEN","shape-relevant",0.422830873056367
95,"Similarity","HD","CONTROL","WITHIN","shape-relevant",0.465893924093396
96,"Same-Different","HD","TRAIN","BETWEEN","shape-relevant",-0.366783918100022
96,"Same-Different","HD","TRAIN","WITHIN","shape-relevant",0.459989630215305
97,"Same-Different","HD","TRAIN","BETWEEN","shape-relevant",0.88019515528691
97,"Same-Different","HD","TRAIN","WITHIN","shape-relevant",0.930909615209345
98,"Same-Different","LD","CONTROL","BETWEEN","shape-relevant",0.349184927863767
98,"Same-Different","LD","CONTROL","WITHIN","shape-relevant",-0.167903683110081
99,"XAB","HD","TRAIN","BETWEEN","shape-relevant",-0.189743955107759
99,"XAB","HD","TRAIN","WITHIN","shape-relevant",-0.269980805689437
100,"XAB","HD","CONTROL","BETWEEN","shape-relevant",0.133808539770302
100,"XAB","HD","CONTROL","WITHIN","shape-relevant",-0.0876243270947157
101,"Same-Different","LD","CONTROL","BETWEEN","shape-relevant",-0.438380802696401
101,"Same-Different","LD","CONTROL","WITHIN","shape-relevant",-0.650898539514224
102,"Similarity","LD","TRAIN","BETWEEN","shape-relevant",-0.175299736261332
102,"Similarity","LD","TRAIN","WITHIN","shape-relevant",-0.357475636318808
103,"Same-Different","HD","CONTROL","BETWEEN","shape-relevant",0.98162407513178
103,"Same-Different","HD","CONTROL","WITHIN","shape-relevant",0.64352767564888
104,"Same-Different","HD","CONTROL","BETWEEN","shape-relevant",0.170192716372819
104,"Same-Different","HD","CONTROL","WITHIN","shape-relevant",-0.167903683110081
105,"Similarity","LD","CONTROL","BETWEEN","shape-relevant",-0.515744732215917
105,"Similarity","LD","CONTROL","WITHIN","shape-relevant",0.108488487526985
106,"Same-Different","HD","CONTROL","BETWEEN","shape-relevant",0.121893230732405
106,"Same-Different","HD","CONTROL","WITHIN","shape-relevant",0.64352767564888
107,"Same-Different","LD","TRAIN","BETWEEN","shape-relevant",-0.0326651233169206
107,"Same-Different","LD","TRAIN","WITHIN","shape-relevant",0.0252942594515764
108,"Similarity","LD","TRAIN","BETWEEN","shape-relevant",0.516462079386965
108,"Similarity","LD","TRAIN","WITHIN","shape-relevant",-0.207519628688929
109,"Same-Different","LD","TRAIN","BETWEEN","shape-relevant",0.959084315166253
109,"Same-Different","LD","TRAIN","WITHIN","shape-relevant",0.349184927863767
110,"Same-Different","LD","TRAIN","BETWEEN","shape-relevant",0.0434065665667318
110,"Same-Different","LD","TRAIN","WITHIN","shape-relevant",-0.219918513799758
111,"Similarity","HD","CONTROL","BETWEEN","shape-relevant",0.670909224876815
111,"Similarity","HD","CONTROL","WITHIN","shape-relevant",0.479778739614681
112,"Same-Different","HD","TRAIN","BETWEEN","shape-relevant",0.27162163621769
112,"Same-Different","HD","TRAIN","WITHIN","shape-relevant",0.282891516200453
113,"Same-Different","HD","CONTROL","BETWEEN","shape-relevant",0.395590316028086
113,"Same-Different","HD","CONTROL","WITHIN","shape-relevant",0.170192716372819
114,"XAB","LD","CONTROL","BETWEEN","shape-relevant",-0.0876243270947157
114,"XAB","LD","CONTROL","WITHIN","shape-relevant",-0.525279875722046
115,"XAB","HD","CONTROL","BETWEEN","shape-relevant",-0.0437236933589496
115,"XAB","HD","CONTROL","WITHIN","shape-relevant",0.351689007701657
116,"Similarity","HD","TRAIN","BETWEEN","shape-relevant",0.498090597765941
116,"Similarity","HD","TRAIN","WITHIN","shape-relevant",0.353272642642973
117,"XAB","LD","TRAIN","BETWEEN","shape-relevant",0.229675945660098
117,"XAB","LD","TRAIN","WITHIN","shape-relevant",0.00355391220264467
118,"Similarity","HD","CONTROL","BETWEEN","shape-relevant",0.16804534669583
118,"Similarity","HD","CONTROL","WITHIN","shape-relevant",0.320489050439939
119,"XAB","HD","CONTROL","BETWEEN","shape-relevant",0.565211866274385
119,"XAB","HD","CONTROL","WITHIN","shape-relevant",0.542334417141592
120,"Similarity","HD","CONTROL","BETWEEN","shape-relevant",-0.580928600774688
120,"Similarity","HD","CONTROL","WITHIN","shape-relevant",-0.59641625991229
121,"XAB","LD","CONTROL","BETWEEN","shape-relevant",0.208704950621706
121,"XAB","LD","CONTROL","WITHIN","shape-relevant",0.401858852291114
122,"XAB","HD","CONTROL","BETWEEN","shape-relevant",0.111617010629146
122,"XAB","HD","CONTROL","WITHIN","shape-relevant",0.499968770599384
123,"Similarity","LD","CONTROL","BETWEEN","shape-relevant",0.905676171264098
123,"Similarity","LD","CONTROL","WITHIN","shape-relevant",-0.00217051492676552
124,"Similarity","HD","TRAIN","BETWEEN","shape-relevant",0.427962217922929
124,"Similarity","HD","TRAIN","WITHIN","shape-relevant",0.478786967077446
125,"XAB","HD","CONTROL","BETWEEN","shape-relevant",-0.0534324873582056
125,"XAB","HD","CONTROL","WITHIN","shape-relevant",0.208704950621706
126,"Similarity","HD","TRAIN","BETWEEN","shape-relevant",0.00940918664670362
126,"Similarity","HD","TRAIN","WITHIN","shape-relevant",-0.0825562889973631
127,"Same-Different","LD","TRAIN","BETWEEN","shape-relevant",-0.539809722541271
127,"Same-Different","LD","TRAIN","WITHIN","shape-relevant",-0.409401111312152
128,"Similarity","LD","CONTROL","BETWEEN","shape-relevant",0.678298542484483
128,"Similarity","LD","CONTROL","WITHIN","shape-relevant",0.101494654523671
129,"XAB","HD","CONTROL","BETWEEN","shape-relevant",0.145791965506527
129,"XAB","HD","CONTROL","WITHIN","shape-relevant",0.447011712421625
130,"XAB","LD","CONTROL","BETWEEN","shape-relevant",0.0619079853529554
130,"XAB","LD","CONTROL","WITHIN","shape-relevant",0.181111536097504
131,"XAB","HD","TRAIN","BETWEEN","shape-relevant",-0.0659152225001061
131,"XAB","HD","TRAIN","WITHIN","shape-relevant",0.15045218662617
132,"XAB","LD","CONTROL","BETWEEN","shape-relevant",0.033946658635098
132,"XAB","LD","CONTROL","WITHIN","shape-relevant",0.07763623163175
133,"XAB","LD","TRAIN","BETWEEN","shape-relevant",-0.0876243270947157
133,"XAB","LD","TRAIN","WITHIN","shape-relevant",0.0707378780006997
134,"Similarity","HD","TRAIN","BETWEEN","shape-relevant",0.00324475050596241
134,"Similarity","HD","TRAIN","WITHIN","shape-relevant",-0.0646468892670102
135,"XAB","LD","TRAIN","BETWEEN","shape-relevant",0.189287362623194
135,"XAB","LD","TRAIN","WITHIN","shape-relevant",0.133808539770302
136,"Same-Different","LD","CONTROL","BETWEEN","shape-relevant",0.47447947590743
136,"Same-Different","LD","CONTROL","WITHIN","shape-relevant",0.237811996269399
137,"Similarity","LD","TRAIN","BETWEEN","shape-relevant",0.378974978930152
137,"Similarity","LD","TRAIN","WITHIN","shape-relevant",-0.140896873512236
138,"Same-Different","HD","TRAIN","BETWEEN","shape-relevant",0.170192716372819
138,"Same-Different","HD","TRAIN","WITHIN","shape-relevant",-0.438380802696401
139,"XAB","LD","TRAIN","BETWEEN","shape-relevant",-0.361159044986797
139,"XAB","LD","TRAIN","WITHIN","shape-relevant",-0.0396357800961051
140,"Similarity","HD","TRAIN","BETWEEN","shape-relevant",-0.0313881725392945
140,"Similarity","HD","TRAIN","WITHIN","shape-relevant",-0.314693048493848
141,"XAB","LD","CONTROL","BETWEEN","shape-relevant",-0.199064397347045
141,"XAB","LD","CONTROL","WITHIN","shape-relevant",0.161043598261722
142,"Same-Different","LD","CONTROL","BETWEEN","shape-relevant",-0.210165733045443
142,"Same-Different","LD","CONTROL","WITHIN","shape-relevant",-0.393301282765348
143,"XAB","HD","CONTROL","BETWEEN","shape-relevant",0.0619079853529554
143,"XAB","HD","CONTROL","WITHIN","shape-relevant",0.339773669611661
144,"XAB","LD","TRAIN","BETWEEN","shape-relevant",-0.228190779344813
144,"XAB","LD","TRAIN","WITHIN","shape-relevant",-0.124924515898181
145,"Same-Different","LD","TRAIN","BETWEEN","shape-relevant",0.423765015984995
145,"Same-Different","LD","TRAIN","WITHIN","shape-relevant",0.50828911585572
146,"XAB","LD","CONTROL","BETWEEN","shape-relevant",0.0589121289188992
146,"XAB","LD","CONTROL","WITHIN","shape-relevant",-0.315569925338117
147,"Similarity","HD","CONTROL","BETWEEN","shape-relevant",0.0741437718857107
147,"Similarity","HD","CONTROL","WITHIN","shape-relevant",0.258855897098235
148,"XAB","LD","CONTROL","BETWEEN","shape-relevant",0.208704950621706
148,"XAB","LD","CONTROL","WITHIN","shape-relevant",0.033946658635098
149,"XAB","LD","TRAIN","BETWEEN","shape-relevant",-0.234912252113529
149,"XAB","LD","TRAIN","WITHIN","shape-relevant",-0.315569925338117
150,"Similarity","HD","TRAIN","BETWEEN","shape-relevant",-0.220571355278937
150,"Similarity","HD","TRAIN","WITHIN","shape-relevant",-0.254506649329799
151,"XAB","LD","CONTROL","BETWEEN","shape-relevant",0.249033787234
151,"XAB","LD","CONTROL","WITHIN","shape-relevant",-0.0735969056643525
152,"Similarity","HD","CONTROL","BETWEEN","shape-relevant",0.00904492451111462
152,"Similarity","HD","CONTROL","WITHIN","shape-relevant",0.310185635747557
153,"XAB","HD","CONTROL","BETWEEN","shape-relevant",0.470842388601617
153,"XAB","HD","CONTROL","WITHIN","shape-relevant",0.208704950621706
154,"Similarity","HD","CONTROL","BETWEEN","shape-relevant",0.397174148723558
154,"Similarity","HD","CONTROL","WITHIN","shape-relevant",0.697307516114814
155,"Similarity","LD","TRAIN","BETWEEN","shape-relevant",0.267306778643906
155,"Similarity","LD","TRAIN","WITHIN","shape-relevant",-0.0270170269122231
156,"Same-Different","LD","CONTROL","BETWEEN","shape-relevant",0.373050556062559
156,"Same-Different","LD","CONTROL","WITHIN","shape-relevant",0.0252942594515764
157,"Similarity","LD","CONTROL","BETWEEN","shape-relevant",-0.735142618497761
157,"Similarity","LD","CONTROL","WITHIN","shape-relevant",-0.711538432111576
158,"Same-Different","HD","CONTROL","BETWEEN","shape-relevant",0.50828911585572
158,"Same-Different","HD","CONTROL","WITHIN","shape-relevant",0.170192716372819
159,"Similarity","LD","TRAIN","BETWEEN","shape-relevant",0.238530069932353
159,"Similarity","LD","TRAIN","WITHIN","shape-relevant",-0.0127114594054447
160,"Similarity","HD","CONTROL","BETWEEN","shape-relevant",-0.137885175089757
160,"Similarity","HD","CONTROL","WITHIN","shape-relevant",0.0516635943750588
161,"Similarity","HD","TRAIN","BETWEEN","shape-relevant",0.356123389791063
161,"Similarity","HD","TRAIN","WITHIN","shape-relevant",-0.239017589825177
162,"Similarity","LD","CONTROL","BETWEEN","shape-relevant",-0.511618126204346
162,"Similarity","LD","CONTROL","WITHIN","shape-relevant",-0.499100754635915
163,"Similarity","HD","TRAIN","BETWEEN","shape-relevant",0.489538356321671
163,"Similarity","HD","TRAIN","WITHIN","shape-relevant",0.158955350675898
164,"Same-Different","HD","CONTROL","BETWEEN","shape-relevant",0.733686715510987
164,"Same-Different","HD","CONTROL","WITHIN","shape-relevant",0.815649479021993
165,"Same-Different","HD","TRAIN","BETWEEN","shape-relevant",0.50828911585572
165,"Same-Different","HD","TRAIN","WITHIN","shape-relevant",0.67733731559717
166,"Same-Different","LD","TRAIN","BETWEEN","shape-relevant",0.437110926490898
166,"Same-Different","LD","TRAIN","WITHIN","shape-relevant",0.459989630215305
167,"Same-Different","LD","CONTROL","BETWEEN","shape-relevant",-0.128127636112092
167,"Same-Different","LD","CONTROL","WITHIN","shape-relevant",0.102573436476239
168,"Similarity","LD","TRAIN","BETWEEN","shape-relevant",1.0584179076646
168,"Similarity","LD","TRAIN","WITHIN","shape-relevant",0.643953826843209
169,"Same-Different","LD","CONTROL","BETWEEN","shape-relevant",-0.393301282765348
169,"Same-Different","LD","CONTROL","WITHIN","shape-relevant",-0.247455777106057
170,"Similarity","LD","CONTROL","BETWEEN","shape-relevant",0.717638853128124
170,"Similarity","LD","CONTROL","WITHIN","shape-relevant",0.69234865342864
171,"Similarity","HD","TRAIN","BETWEEN","shape-relevant",0.913729531957452
171,"Similarity","HD","TRAIN","WITHIN","shape-relevant",-0.466702851752916
172,"Same-Different","HD","CONTROL","BETWEEN","shape-relevant",0.116809074349204
172,"Same-Different","HD","CONTROL","WITHIN","shape-relevant",-0.0326651233169206
173,"XAB","HD","TRAIN","BETWEEN","shape-relevant",0.161043598261722
173,"XAB","HD","TRAIN","WITHIN","shape-relevant",-0.154254578888941
174,"Similarity","LD","CONTROL","BETWEEN","shape-relevant",0.62865481714846
174,"Similarity","LD","CONTROL","WITHIN","shape-relevant",0.161488628255223
175,"Similarity","LD","CONTROL","BETWEEN","shape-relevant",0.862073993634063
175,"Similarity","LD","CONTROL","WITHIN","shape-relevant",0.532489613352893
176,"Similarity","HD","CONTROL","BETWEEN","shape-relevant",0.610296005514761
176,"Similarity","HD","CONTROL","WITHIN","shape-relevant",0.598286858055123
177,"Similarity","HD","CONTROL","BETWEEN","shape-relevant",0.135261754492796
177,"Similarity","HD","CONTROL","WITHIN","shape-relevant",-0.0725689655522287
178,"Similarity","LD","TRAIN","BETWEEN","shape-relevant",0.153656992340054
178,"Similarity","LD","TRAIN","WITHIN","shape-relevant",-0.133467279242075
179,"Same-Different","LD","TRAIN","BETWEEN","shape-relevant",0.54387821053813
179,"Same-Different","LD","TRAIN","WITHIN","shape-relevant",0.459989630215305
180,"Same-Different","HD","CONTROL","BETWEEN","shape-relevant",0.057493916545186
180,"Same-Different","HD","CONTROL","WITHIN","shape-relevant",0.057493916545186
181,"Same-Different","HD","TRAIN","BETWEEN","shape-relevant",0.27162163621769
181,"Same-Different","HD","TRAIN","WITHIN","shape-relevant",0.77876623544204
182,"Same-Different","LD","TRAIN","BETWEEN","shape-relevant",0.237811996269399
182,"Same-Different","LD","TRAIN","WITHIN","shape-relevant",0.0434065665667318
183,"Same-Different","HD","TRAIN","BETWEEN","shape-relevant",0.804123465403257
183,"Same-Different","HD","TRAIN","WITHIN","shape-relevant",1.01543371508007
184,"Same-Different","LD","CONTROL","BETWEEN","shape-relevant",0.437110926490898
184,"Same-Different","LD","CONTROL","WITHIN","shape-relevant",0.446817043222465
185,"Similarity","HD","TRAIN","BETWEEN","shape-relevant",0.737553358205495
185,"Similarity","HD","TRAIN","WITHIN","shape-relevant",0.241808429152657
186,"Similarity","LD","CONTROL","BETWEEN","shape-relevant",-0.738168796239579
186,"Similarity","LD","CONTROL","WITHIN","shape-relevant",-0.858528138243726
187,"XAB","LD","CONTROL","BETWEEN","shape-relevant",0.168376114009411
187,"XAB","LD","CONTROL","WITHIN","shape-relevant",0.383463242608313
188,"XAB","LD","CONTROL","BETWEEN","shape-relevant",-0.220247220618149
188,"XAB","LD","CONTROL","WITHIN","shape-relevant",-0.38547324213276
189,"XAB","HD","TRAIN","BETWEEN","shape-relevant",0.658083415730125
189,"XAB","HD","TRAIN","WITHIN","shape-relevant",0.333532302040711
190,"Same-Different","LD","CONTROL","BETWEEN","shape-relevant",0.116809074349204
190,"Same-Different","LD","CONTROL","WITHIN","shape-relevant",0.50828911585572
191,"Same-Different","HD","TRAIN","BETWEEN","shape-relevant",1.07178311499389
191,"Same-Different","HD","TRAIN","WITHIN","shape-relevant",0.67733731559717
192,"XAB","LD","CONTROL","BETWEEN","shape-relevant",-0.140811633351509
192,"XAB","LD","CONTROL","WITHIN","shape-relevant",-0.432075453329188
193,"XAB","HD","CONTROL","BETWEEN","shape-relevant",-0.00100499976222333
193,"XAB","HD","CONTROL","WITHIN","shape-relevant",0.233670420905507
194,"XAB","HD","TRAIN","BETWEEN","shape-relevant",0.296084096615009
194,"XAB","HD","TRAIN","WITHIN","shape-relevant",0.181111536097504
195,"XAB","LD","TRAIN","BETWEEN","shape-relevant",-0.0159842819325039
195,"XAB","LD","TRAIN","WITHIN","shape-relevant",0.239544649207577
196,"XAB","HD","CONTROL","BETWEEN","shape-relevant",0.410349133683176
196,"XAB","HD","CONTROL","WITHIN","shape-relevant",-0.0876243270947157
197,"XAB","LD","TRAIN","BETWEEN","shape-relevant",0.0589121289188992
197,"XAB","LD","TRAIN","WITHIN","shape-relevant",-0.130531733822885
198,"Similarity","HD","CONTROL","BETWEEN","shape-relevant",0.293757813720542
198,"Similarity","HD","CONTROL","WITHIN","shape-relevant",0.321681181065504
199,"Similarity","LD","TRAIN","BETWEEN","shape-relevant",-0.0139035900310097
199,"Similarity","LD","TRAIN","WITHIN","shape-relevant",0.167370390385767
200,"Similarity","HD","CONTROL","BETWEEN","shape-relevant",0.00917605887992664
200,"Similarity","HD","CONTROL","WITHIN","shape-relevant",-0.00583378271949359
201,"Similarity","HD","TRAIN","BETWEEN","shape-relevant",-0.0270170269122231
201,"Similarity","HD","TRAIN","WITHIN","shape-relevant",-0.412137962686814
202,"XAB","LD","TRAIN","BETWEEN","shape-relevant",0.033946658635098
202,"XAB","LD","TRAIN","WITHIN","shape-relevant",-0.0825588693559734
203,"Same-Different","HD","CONTROL","BETWEEN","shape-relevant",0.437110926490898
203,"Same-Different","HD","CONTROL","WITHIN","shape-relevant",0.296978866178907
204,"XAB","HD","CONTROL","BETWEEN","shape-relevant",0.410349133683176
204,"XAB","HD","CONTROL","WITHIN","shape-relevant",0.31355992581367
205,"Similarity","HD","CONTROL","BETWEEN","shape-relevant",0.407239479038737
205,"Similarity","HD","CONTROL","WITHIN","shape-relevant",0.343139532325671
206,"XAB","HD","TRAIN","BETWEEN","shape-relevant",0.383463242608313
206,"XAB","HD","TRAIN","WITHIN","shape-relevant",0.433394183175915
207,"XAB","LD","TRAIN","BETWEEN","shape-relevant",0.550623347986807
207,"XAB","LD","TRAIN","WITHIN","shape-relevant",-0.00717293947939768
208,"Similarity","LD","TRAIN","BETWEEN","shape-relevant",0.585323460497493
208,"Similarity","LD","TRAIN","WITHIN","shape-relevant",0.335327939542365
209,"Similarity","HD","TRAIN","BETWEEN","shape-relevant",0.0762512885273344
209,"Similarity","HD","TRAIN","WITHIN","shape-relevant",-0.0949684725694214
210,"Similarity","LD","TRAIN","BETWEEN","shape-relevant",0.0892157090803524
210,"Similarity","LD","TRAIN","WITHIN","shape-relevant",-0.0987552404388627
211,"XAB","LD","CONTROL","BETWEEN","shape-relevant",0.491006806907764
211,"XAB","LD","CONTROL","WITHIN","shape-relevant",0.0619079853529554
212,"Similarity","HD","TRAIN","BETWEEN","shape-relevant",0.823899321824307
212,"Similarity","HD","TRAIN","WITHIN","shape-relevant",0.152824393172993
213,"XAB","HD","CONTROL","BETWEEN","shape-relevant",0.296084096615009
213,"XAB","HD","CONTROL","WITHIN","shape-relevant",0.291485194194309
214,"XAB","LD","CONTROL","BETWEEN","shape-relevant",0.329691460458588
214,"XAB","LD","CONTROL","WITHIN","shape-relevant",-0.16577710363531
215,"Same-Different","LD","TRAIN","BETWEEN","shape-relevant",0.650645494585362
215,"Same-Different","LD","TRAIN","WITHIN","shape-relevant",0.315091173294062
216,"Same-Different","HD","CONTROL","BETWEEN","shape-relevant",0.27162163621769
216,"Same-Different","HD","CONTROL","WITHIN","shape-relevant",0.804123465403257
217,"XAB","LD","TRAIN","BETWEEN","shape-relevant",0.0877184407848234
217,"XAB","LD","TRAIN","WITHIN","shape-relevant",-0.199064397347045
218,"XAB","LD","CONTROL","BETWEEN","shape-relevant",0.033946658635098
218,"XAB","LD","CONTROL","WITHIN","shape-relevant",-0.178802566392076
219,"XAB","HD","TRAIN","BETWEEN","shape-relevant",0.329691460458588
219,"XAB","HD","TRAIN","WITHIN","shape-relevant",0.397443905967241
220,"XAB","HD","CONTROL","BETWEEN","shape-relevant",0.383463242608313
220,"XAB","HD","CONTROL","WITHIN","shape-relevant",0.351689007701657
221,"XAB","LD","CONTROL","BETWEEN","shape-relevant",-0.0876243270947157
221,"XAB","LD","CONTROL","WITHIN","shape-relevant",-0.377249322509861
222,"Same-Different","LD","CONTROL","BETWEEN","shape-relevant",0.170192716372819
222,"Same-Different","LD","CONTROL","WITHIN","shape-relevant",-0.0967254937452597
223,"Similarity","LD","TRAIN","BETWEEN","shape-relevant",0.94192025375523
223,"Similarity","LD","TRAIN","WITHIN","shape-relevant",0.333602487321152
224,"Similarity","LD","CONTROL","BETWEEN","shape-relevant",0.45019804567803
224,"Similarity","LD","CONTROL","WITHIN","shape-relevant",-0.349607574190079
225,"Same-Different","LD","CONTROL","BETWEEN","shape-relevant",-0.128127636112092
225,"Same-Different","LD","CONTROL","WITHIN","shape-relevant",-0.264502654390909
226,"Same-Different","HD","CONTROL","BETWEEN","shape-relevant",-0.203492777792491
226,"Same-Different","HD","CONTROL","WITHIN","shape-relevant",0.373050556062559
227,"Similarity","HD","TRAIN","BETWEEN","shape-relevant",1.12842246717694
227,"Similarity","HD","TRAIN","WITHIN","shape-relevant",-0.257438846396406
228,"XAB","HD","CONTROL","BETWEEN","shape-relevant",0.443724722603695
228,"XAB","HD","CONTROL","WITHIN","shape-relevant",0.499968770599384
229,"Similarity","LD","TRAIN","BETWEEN","shape-relevant",-0.0843883132675327
229,"Similarity","LD","TRAIN","WITHIN","shape-relevant",0.381372864531288
230,"Same-Different","LD","CONTROL","BETWEEN","shape-relevant",0.54387821053813
230,"Same-Different","LD","CONTROL","WITHIN","shape-relevant",0.330343642443667
231,"Similarity","HD","TRAIN","BETWEEN","shape-relevant",0.265469630481803
231,"Similarity","HD","TRAIN","WITHIN","shape-relevant",-0.0448989862956962
232,"XAB","HD","CONTROL","BETWEEN","shape-relevant",0.523269876197599
232,"XAB","HD","CONTROL","WITHIN","shape-relevant",0.732979826581528
233,"XAB","HD","TRAIN","BETWEEN","shape-relevant",0.410349133683176
233,"XAB","HD","TRAIN","WITHIN","shape-relevant",0.433394183175915
234,"XAB","LD","TRAIN","BETWEEN","shape-relevant",0.189287362623194
234,"XAB","LD","TRAIN","WITHIN","shape-relevant",0.256366302981689
235,"Similarity","LD","TRAIN","BETWEEN","shape-relevant",0.979803515856515
235,"Similarity","LD","TRAIN","WITHIN","shape-relevant",0.538499938590116
236,"Same-Different","HD","CONTROL","BETWEEN","shape-relevant",-0.310260061839723
236,"Same-Different","HD","CONTROL","WITHIN","shape-relevant",-0.0326651233169206
237,"Same-Different","HD","TRAIN","BETWEEN","shape-relevant",0.0100417903019719
237,"Same-Different","HD","TRAIN","WITHIN","shape-relevant",-0.119604197469666
238,"XAB","HD","TRAIN","BETWEEN","shape-relevant",0.296084096615009
238,"XAB","HD","TRAIN","WITHIN","shape-relevant",0.121325804628402
239,"XAB","HD","CONTROL","BETWEEN","shape-relevant",0.208704950621706
239,"XAB","HD","CONTROL","WITHIN","shape-relevant",0.645600680588224
240,"Same-Different","LD","TRAIN","BETWEEN","shape-relevant",-0.128127636112092
240,"Same-Different","LD","TRAIN","WITHIN","shape-relevant",-0.235522963006661
241,"Similarity","LD","TRAIN","BETWEEN","shape-relevant",0.321914424013984
241,"Similarity","LD","TRAIN","WITHIN","shape-relevant",0.353962823531458
242,"XAB","LD","CONTROL","BETWEEN","shape-relevant",0.0619079853529554
242,"XAB","LD","CONTROL","WITHIN","shape-relevant",-0.315569925338117
243,"Same-Different","LD","TRAIN","BETWEEN","shape-relevant",0.47447947590743
243,"Same-Different","LD","TRAIN","WITHIN","shape-relevant",-0.375963005868789
244,"Same-Different","LD","TRAIN","BETWEEN","shape-relevant",0.411690144574891
244,"Same-Different","LD","TRAIN","WITHIN","shape-relevant",0.77876623544204
245,"XAB","HD","TRAIN","BETWEEN","shape-relevant",0.344628066611289
245,"XAB","HD","TRAIN","WITHIN","shape-relevant",0.181111536097504
246,"Same-Different","LD","TRAIN","BETWEEN","shape-relevant",0.0687637965279494
246,"Same-Different","LD","TRAIN","WITHIN","shape-relevant",0.170192716372819
247,"Similarity","LD","TRAIN","BETWEEN","shape-relevant",0.602427943386032
247,"Similarity","LD","TRAIN","WITHIN","shape-relevant",0.602427943386032
248,"XAB","LD","TRAIN","BETWEEN","shape-relevant",0.033946658635098
248,"XAB","LD","TRAIN","WITHIN","shape-relevant",-0.0534324873582056
249,"Same-Different","LD","TRAIN","BETWEEN","shape-relevant",0.116809074349204
249,"Same-Different","LD","TRAIN","WITHIN","shape-relevant",-0.167903683110081
250,"Same-Different","LD","CONTROL","BETWEEN","shape-relevant",0.262400825322701
250,"Same-Different","LD","CONTROL","WITHIN","shape-relevant",0.716348438614428
251,"Same-Different","HD","CONTROL","BETWEEN","shape-relevant",0.411690144574891
251,"Same-Different","HD","CONTROL","WITHIN","shape-relevant",-0.119604197469666
252,"Same-Different","LD","CONTROL","BETWEEN","shape-relevant",0.223576358396435
252,"Same-Different","LD","CONTROL","WITHIN","shape-relevant",0.315091173294062
253,"Similarity","LD","TRAIN","BETWEEN","shape-relevant",-0.0966191149740496
253,"Similarity","LD","TRAIN","WITHIN","shape-relevant",-0.355423098372182
254,"Similarity","HD","TRAIN","BETWEEN","shape-relevant",1.03517136046608
254,"Similarity","HD","TRAIN","WITHIN","shape-relevant",1.20963708592919
255,"XAB","LD","TRAIN","BETWEEN","shape-relevant",0.0619079853529554
255,"XAB","LD","TRAIN","WITHIN","shape-relevant",-0.260383096289714
256,"XAB","LD","CONTROL","BETWEEN","shape-relevant",0.133808539770302
256,"XAB","LD","CONTROL","WITHIN","shape-relevant",-0.0159842819325039
257,"XAB","HD","CONTROL","BETWEEN","shape-relevant",0.249033787234
257,"XAB","HD","CONTROL","WITHIN","shape-relevant",0.103849975429741
258,"XAB","HD","TRAIN","BETWEEN","shape-relevant",-0.265638984770515
258,"XAB","HD","TRAIN","WITHIN","shape-relevant",-0.315569925338117
259,"XAB","HD","TRAIN","BETWEEN","shape-relevant",0.732979826581528
259,"XAB","HD","TRAIN","WITHIN","shape-relevant",0.616474298590456
260,"XAB","HD","CONTROL","BETWEEN","shape-relevant",-0.0659152225001061
260,"XAB","HD","CONTROL","WITHIN","shape-relevant",0.447011712421625
261,"Similarity","LD","TRAIN","BETWEEN","shape-relevant",0.684529461251022
261,"Similarity","LD","TRAIN","WITHIN","shape-relevant",0.670617815168344
262,"Same-Different","HD","CONTROL","BETWEEN","shape-relevant",0.27162163621769
262,"Same-Different","HD","CONTROL","WITHIN","shape-relevant",0.64352767564888
263,"Similarity","HD","CONTROL","BETWEEN","shape-relevant",0.258564487389763
263,"Similarity","HD","CONTROL","WITHIN","shape-relevant",0.293325502614568
264,"Same-Different","HD","TRAIN","BETWEEN","shape-relevant",-0.417027345886955
264,"Same-Different","HD","TRAIN","WITHIN","shape-relevant",-0.438380802696401
265,"XAB","LD","CONTROL","BETWEEN","shape-relevant",-0.234912252113529
265,"XAB","LD","CONTROL","WITHIN","shape-relevant",-0.432075453329188
266,"XAB","HD","CONTROL","BETWEEN","shape-relevant",0.266957714617241
266,"XAB","HD","CONTROL","WITHIN","shape-relevant",0.601911107591572
267,"Similarity","LD","CONTROL","BETWEEN","shape-relevant",0.611506476611488
267,"Similarity","LD","CONTROL","WITHIN","shape-relevant",0.510633885217537
268,"XAB","LD","TRAIN","BETWEEN","shape-relevant",0.00355391220264467
268,"XAB","LD","TRAIN","WITHIN","shape-relevant",-0.665086509311332
269,"Same-Different","HD","CONTROL","BETWEEN","shape-relevant",0.395590316028086
269,"Same-Different","HD","CONTROL","WITHIN","shape-relevant",0.9140047952352
270,"Same-Different","HD","TRAIN","BETWEEN","shape-relevant",0.67733731559717
270,"Same-Different","HD","TRAIN","WITHIN","shape-relevant",0.423765015984995
271,"Same-Different","HD","CONTROL","BETWEEN","shape-relevant",0.54387821053813
271,"Same-Different","HD","CONTROL","WITHIN","shape-relevant",0.00114451663136936
272,"Same-Different","LD","TRAIN","BETWEEN","shape-relevant",0.98162407513178
272,"Same-Different","LD","TRAIN","WITHIN","shape-relevant",0.237811996269399
273,"Same-Different","HD","TRAIN","BETWEEN","shape-relevant",0.88019515528691
273,"Same-Different","HD","TRAIN","WITHIN","shape-relevant",0.631233261122229
274,"Same-Different","HD","CONTROL","BETWEEN","shape-relevant",0.88019515528691
274,"Same-Different","HD","CONTROL","WITHIN","shape-relevant",0.0434065665667318
275,"XAB","LD","TRAIN","BETWEEN","shape-relevant",0.168376114009411
275,"XAB","LD","TRAIN","WITHIN","shape-relevant",-0.265638984770515
276,"Same-Different","HD","TRAIN","BETWEEN","shape-relevant",0.349184927863767
276,"Same-Different","HD","TRAIN","WITHIN","shape-relevant",-0.119604197469666
277,"XAB","LD","CONTROL","BETWEEN","shape-relevant",-0.273627935261331
277,"XAB","LD","CONTROL","WITHIN","shape-relevant",-0.623966911196836
278,"Similarity","HD","TRAIN","BETWEEN","shape-relevant",0.485864059997467
278,"Similarity","HD","TRAIN","WITHIN","shape-relevant",0.0535369425009466
279,"XAB","HD","TRAIN","BETWEEN","shape-relevant",0.410349133683176
279,"XAB","HD","TRAIN","WITHIN","shape-relevant",0.628124851389563
280,"Same-Different","LD","CONTROL","BETWEEN","shape-relevant",0.102573436476239
280,"Same-Different","LD","CONTROL","WITHIN","shape-relevant",-0.375963005868789
281,"Same-Different","LD","CONTROL","BETWEEN","shape-relevant",-0.203492777792491
281,"Same-Different","LD","CONTROL","WITHIN","shape-relevant",-0.641238642386141
282,"Same-Different","HD","CONTROL","BETWEEN","tail-relevant",-0.0552048832824474
282,"Same-Different","HD","CONTROL","WITHIN","tail-relevant",-0.366783918100022
283,"Similarity","HD","TRAIN","BETWEEN","tail-relevant",0.551285539549299
283,"Similarity","HD","TRAIN","WITHIN","tail-relevant",-0.457793428460092
284,"Same-Different","HD","CONTROL","BETWEEN","tail-relevant",-0.0552048832824474
284,"Same-Different","HD","CONTROL","WITHIN","tail-relevant",-0.303142242903241
285,"XAB","HD","TRAIN","BETWEEN","tail-relevant",0.185910390797365
285,"XAB","HD","TRAIN","WITHIN","tail-relevant",-0.0296018111782137
286,"XAB","HD","CONTROL","BETWEEN","tail-relevant",0.00706076756023545
286,"XAB","HD","CONTROL","WITHIN","tail-relevant",0.208704950621706
287,"Same-Different","HD","CONTROL","BETWEEN","tail-relevant",-0.506000082592981
287,"Same-Different","HD","CONTROL","WITHIN","tail-relevant",-0.844096482075881
288,"XAB","LD","CONTROL","BETWEEN","tail-relevant",-0.509745805323236
288,"XAB","LD","CONTROL","WITHIN","tail-relevant",-0.315569925338117
289,"Similarity","LD","CONTROL","BETWEEN","tail-relevant",-0.929034149527134
289,"Similarity","LD","CONTROL","WITHIN","tail-relevant",-0.536801885669404
290,"XAB","LD","TRAIN","BETWEEN","tail-relevant",-0.0296018111782137
290,"XAB","LD","TRAIN","WITHIN","tail-relevant",-0.140811633351509
291,"Similarity","HD","TRAIN","BETWEEN","tail-relevant",-0.966266943529151
291,"Similarity","HD","TRAIN","WITHIN","tail-relevant",-1.10494153854799
292,"Same-Different","LD","TRAIN","BETWEEN","tail-relevant",-0.0833795832393557
292,"Same-Different","LD","TRAIN","WITHIN","tail-relevant",-0.844096482075881
293,"Similarity","HD","TRAIN","BETWEEN","tail-relevant",-0.987576278461124
293,"Similarity","HD","TRAIN","WITHIN","tail-relevant",-0.865136688450661
294,"Similarity","LD","TRAIN","BETWEEN","tail-relevant",0.230208081142353
294,"Similarity","LD","TRAIN","WITHIN","tail-relevant",0.0232511477990957
295,"XAB","LD","TRAIN","BETWEEN","tail-relevant",0.0619079853529554
295,"XAB","LD","TRAIN","WITHIN","tail-relevant",-0.130531733822885
296,"Same-Different","LD","CONTROL","BETWEEN","tail-relevant",-0.280602482937714
296,"Same-Different","LD","CONTROL","WITHIN","tail-relevant",-0.844096482075881
297,"Same-Different","LD","TRAIN","BETWEEN","tail-relevant",-0.0326651233169206
297,"Same-Different","LD","TRAIN","WITHIN","tail-relevant",-0.0833795832393557
298,"XAB","LD","CONTROL","BETWEEN","tail-relevant",-0.0735969056643525
298,"XAB","LD","CONTROL","WITHIN","tail-relevant",0.07763623163175
299,"XAB","HD","CONTROL","BETWEEN","tail-relevant",-0.189743955107759
299,"XAB","HD","CONTROL","WITHIN","tail-relevant",-0.701877728676933
300,"Same-Different","LD","TRAIN","BETWEEN","tail-relevant",-0.731397682248248
300,"Same-Different","LD","TRAIN","WITHIN","tail-relevant",-0.844096482075881
301,"Similarity","HD","CONTROL","BETWEEN","tail-relevant",-0.846606831988077
301,"Similarity","HD","CONTROL","WITHIN","tail-relevant",-0.658172445499333
302,"Similarity","LD","TRAIN","BETWEEN","tail-relevant",-0.13819616568773
302,"Similarity","LD","TRAIN","WITHIN","tail-relevant",-0.266337249994372
303,"Same-Different","HD","TRAIN","BETWEEN","tail-relevant",0.223576358396435
303,"Same-Different","HD","TRAIN","WITHIN","tail-relevant",0.47447947590743
304,"Similarity","LD","CONTROL","BETWEEN","tail-relevant",-0.751534414599278
304,"Similarity","LD","CONTROL","WITHIN","tail-relevant",-0.473378243830457
305,"XAB","HD","TRAIN","BETWEEN","tail-relevant",0.208704950621706
305,"XAB","HD","TRAIN","WITHIN","tail-relevant",-0.105859974954188
306,"Similarity","HD","CONTROL","BETWEEN","tail-relevant",-0.597451531245017
306,"Similarity","HD","CONTROL","WITHIN","tail-relevant",-0.42697685178924
307,"Same-Different","HD","CONTROL","BETWEEN","tail-relevant",-0.247455777106057
307,"Same-Different","HD","CONTROL","WITHIN","tail-relevant",0.170192716372819
308,"XAB","LD","TRAIN","BETWEEN","tail-relevant",0.189287362623194
308,"XAB","LD","TRAIN","WITHIN","tail-relevant",-0.634693762878878
309,"Similarity","LD","CONTROL","BETWEEN","tail-relevant",-1.27531534541237
309,"Similarity","LD","CONTROL","WITHIN","tail-relevant",-1.29115234226122
310,"Same-Different","LD","TRAIN","BETWEEN","tail-relevant",0.50828911585572
310,"Same-Different","LD","TRAIN","WITHIN","tail-relevant",-0.0638740217307268
311,"XAB","LD","CONTROL","BETWEEN","tail-relevant",-0.365500865905719
311,"XAB","LD","CONTROL","WITHIN","tail-relevant",-0.506215334778052
312,"Similarity","LD","TRAIN","BETWEEN","tail-relevant",-0.341739512061351
312,"Similarity","LD","TRAIN","WITHIN","tail-relevant",-0.186166465425134
313,"Same-Different","LD","TRAIN","BETWEEN","tail-relevant",-0.235522963006661
313,"Same-Different","LD","TRAIN","WITHIN","tail-relevant",-0.264502654390909
314,"Similarity","HD","CONTROL","BETWEEN","tail-relevant",-0.480285823458521
314,"Similarity","HD","CONTROL","WITHIN","tail-relevant",-0.300525853291822
315,"XAB","HD","TRAIN","BETWEEN","tail-relevant",0.161043598261722
315,"XAB","HD","TRAIN","WITHIN","tail-relevant",0.15045218662617
316,"Same-Different","LD","CONTROL","BETWEEN","tail-relevant",-0.699198025154638
316,"Same-Different","LD","CONTROL","WITHIN","tail-relevant",-0.844096482075881
317,"Similarity","LD","TRAIN","BETWEEN","tail-relevant",-0.439303482457581
317,"Similarity","LD","TRAIN","WITHIN","tail-relevant",-0.674165137000117
318,"Same-Different","LD","TRAIN","BETWEEN","tail-relevant",-0.00879949511812778
318,"Same-Different","LD","TRAIN","WITHIN","tail-relevant",0.468513068857731
319,"Similarity","LD","CONTROL","BETWEEN","tail-relevant",-0.284242134966799
319,"Similarity","LD","CONTROL","WITHIN","tail-relevant",-0.547183356533699
320,"XAB","LD","TRAIN","BETWEEN","tail-relevant",-0.140811633351509
320,"XAB","LD","TRAIN","WITHIN","tail-relevant",0.593173192992242
321,"XAB","HD","CONTROL","BETWEEN","tail-relevant",-0.315569925338117
321,"XAB","HD","CONTROL","WITHIN","tail-relevant",-0.105859974954188
322,"XAB","LD","TRAIN","BETWEEN","tail-relevant",-0.490328217324724
322,"XAB","LD","TRAIN","WITHIN","tail-relevant",-0.105859974954188
323,"Similarity","LD","TRAIN","BETWEEN","tail-relevant",0.146080339919797
323,"Similarity","LD","TRAIN","WITHIN","tail-relevant",0.0235633724867441
324,"Same-Different","HD","CONTROL","BETWEEN","tail-relevant",0.701487058417377
324,"Same-Different","HD","CONTROL","WITHIN","tail-relevant",0.872392930683458
325,"Same-Different","HD","TRAIN","BETWEEN","tail-relevant",-0.539809722541271
325,"Same-Different","HD","TRAIN","WITHIN","tail-relevant",-0.0326651233169206
326,"Similarity","LD","TRAIN","BETWEEN","tail-relevant",-0.729778030682719
326,"Similarity","LD","TRAIN","WITHIN","tail-relevant",-0.514836878893371
327,"Same-Different","HD","CONTROL","BETWEEN","tail-relevant",-0.742667562231011
327,"Same-Different","HD","CONTROL","WITHIN","tail-relevant",-0.475264046276354
328,"Similarity","HD","CONTROL","BETWEEN","tail-relevant",-0.435551022057726
328,"Similarity","HD","CONTROL","WITHIN","tail-relevant",-0.369509143103921
329,"Same-Different","LD","CONTROL","BETWEEN","tail-relevant",-0.731397682248248
329,"Same-Different","LD","CONTROL","WITHIN","tail-relevant",-0.844096482075881
330,"Same-Different","LD","CONTROL","BETWEEN","tail-relevant",-0.457700596952567
330,"Same-Different","LD","CONTROL","WITHIN","tail-relevant",-0.659680264176117
331,"XAB","HD","TRAIN","BETWEEN","tail-relevant",-0.365500865905719
331,"XAB","HD","TRAIN","WITHIN","tail-relevant",-0.500608116853348
332,"XAB","HD","CONTROL","BETWEEN","tail-relevant",-0.228190779344813
332,"XAB","HD","CONTROL","WITHIN","tail-relevant",-0.781592037302403
333,"Similarity","LD","CONTROL","BETWEEN","tail-relevant",-0.350818045286806
333,"Similarity","LD","CONTROL","WITHIN","tail-relevant",-0.603352577841564
334,"XAB","HD","CONTROL","BETWEEN","tail-relevant",0.189287362623194
334,"XAB","HD","CONTROL","WITHIN","tail-relevant",0.094732151500005
335,"Same-Different","LD","TRAIN","BETWEEN","tail-relevant",0.116809074349204
335,"Same-Different","LD","TRAIN","WITHIN","tail-relevant",-0.0638740217307268
336,"Same-Different","LD","CONTROL","BETWEEN","tail-relevant",-0.280602482937714
336,"Same-Different","LD","CONTROL","WITHIN","tail-relevant",0.102573436476239
337,"Similarity","LD","TRAIN","BETWEEN","tail-relevant",0.217767128203765
337,"Similarity","LD","TRAIN","WITHIN","tail-relevant",0.114250452217215
338,"Similarity","LD","TRAIN","BETWEEN","tail-relevant",-0.719406494240304
338,"Similarity","LD","TRAIN","WITHIN","tail-relevant",-0.788976727799585
339,"Similarity","HD","TRAIN","BETWEEN","tail-relevant",0.858868486840877
339,"Similarity","HD","TRAIN","WITHIN","tail-relevant",0.368456622189641
340,"Similarity","LD","TRAIN","BETWEEN","tail-relevant",0.435231623150558
340,"Similarity","LD","TRAIN","WITHIN","tail-relevant",0.775088195655346
341,"Same-Different","HD","TRAIN","BETWEEN","tail-relevant",-0.167903683110081
341,"Same-Different","HD","TRAIN","WITHIN","tail-relevant",-0.167903683110081
342,"Similarity","HD","CONTROL","BETWEEN","tail-relevant",-1.11438321310246
342,"Similarity","HD","CONTROL","WITHIN","tail-relevant",-1.1637449502469
343,"Same-Different","LD","CONTROL","BETWEEN","tail-relevant",-0.29084782837659
343,"Same-Different","LD","CONTROL","WITHIN","tail-relevant",0.0100417903019719
344,"XAB","LD","CONTROL","BETWEEN","tail-relevant",-0.509745805323236
344,"XAB","LD","CONTROL","WITHIN","tail-relevant",-0.361159044986797
345,"Similarity","LD","CONTROL","BETWEEN","tail-relevant",-0.0693835152976828
345,"Similarity","LD","CONTROL","WITHIN","tail-relevant",-0.00406851237009941
346,"XAB","HD","CONTROL","BETWEEN","tail-relevant",0.208704950621706
346,"XAB","HD","CONTROL","WITHIN","tail-relevant",-0.315569925338117
347,"Similarity","LD","CONTROL","BETWEEN","tail-relevant",-0.415502594518178
347,"Similarity","LD","CONTROL","WITHIN","tail-relevant",-0.642577181689193
348,"Similarity","HD","CONTROL","BETWEEN","tail-relevant",-0.138985603359509
348,"Similarity","HD","CONTROL","WITHIN","tail-relevant",-0.217506952134063
349,"Same-Different","LD","CONTROL","BETWEEN","tail-relevant",-0.844096482075881
349,"Same-Different","LD","CONTROL","WITHIN","tail-relevant",-0.68805199000685
350,"XAB","HD","TRAIN","BETWEEN","tail-relevant",-0.154254578888941
350,"XAB","HD","TRAIN","WITHIN","tail-relevant",-0.16577710363531
351,"Same-Different","LD","TRAIN","BETWEEN","tail-relevant",-0.128127636112092
351,"Same-Different","LD","TRAIN","WITHIN","tail-relevant",0.170192716372819
352,"XAB","LD","CONTROL","BETWEEN","tail-relevant",-0.40294907133142
352,"XAB","LD","CONTROL","WITHIN","tail-relevant",-0.38547324213276
353,"Similarity","LD","CONTROL","BETWEEN","tail-relevant",0.43687080276071
353,"Similarity","LD","CONTROL","WITHIN","tail-relevant",0.487217033643941
354,"Same-Different","HD","CONTROL","BETWEEN","tail-relevant",0.47447947590743
354,"Same-Different","HD","CONTROL","WITHIN","tail-relevant",0.423765015984995
355,"Same-Different","HD","TRAIN","BETWEEN","tail-relevant",-0.486112059093987
355,"Same-Different","HD","TRAIN","WITHIN","tail-relevant",-0.675048282334431
356,"XAB","LD","CONTROL","BETWEEN","tail-relevant",-0.441395895568474
356,"XAB","LD","CONTROL","WITHIN","tail-relevant",-0.0396357800961051
357,"Same-Different","HD","CONTROL","BETWEEN","tail-relevant",-0.844096482075881
357,"Same-Different","HD","CONTROL","WITHIN","tail-relevant",-0.844096482075881
358,"XAB","HD","CONTROL","BETWEEN","tail-relevant",0.00706076756023545
358,"XAB","HD","CONTROL","WITHIN","tail-relevant",-0.315569925338117
359,"XAB","LD","TRAIN","BETWEEN","tail-relevant",-0.587416157317284
359,"XAB","LD","TRAIN","WITHIN","tail-relevant",-0.265638984770515
360,"Similarity","HD","CONTROL","BETWEEN","tail-relevant",-0.467628506121002
360,"Similarity","HD","CONTROL","WITHIN","tail-relevant",-0.510902847829007
361,"Same-Different","LD","CONTROL","BETWEEN","tail-relevant",-0.00879949511812778
361,"Same-Different","LD","CONTROL","WITHIN","tail-relevant",0.110528645875837
362,"Similarity","HD","TRAIN","BETWEEN","tail-relevant",-0.337018674784114
362,"Similarity","HD","TRAIN","WITHIN","tail-relevant",-0.461470892281128
363,"Similarity","LD","TRAIN","BETWEEN","tail-relevant",-0.915452375614448
363,"Similarity","LD","TRAIN","WITHIN","tail-relevant",-1.20722634622145
364,"XAB","HD","TRAIN","BETWEEN","tail-relevant",0.249033787234
364,"XAB","HD","TRAIN","WITHIN","tail-relevant",0.033946658635098
365,"Similarity","LD","TRAIN","BETWEEN","tail-relevant",-0.915200194135964
365,"Similarity","LD","TRAIN","WITHIN","tail-relevant",-0.802583151029716
366,"XAB","LD","CONTROL","BETWEEN","tail-relevant",-0.140811633351509
366,"XAB","LD","CONTROL","WITHIN","tail-relevant",-0.269980805689437
367,"XAB","HD","CONTROL","BETWEEN","tail-relevant",0.145791965506527
367,"XAB","HD","CONTROL","WITHIN","tail-relevant",-0.0825588693559734
368,"Similarity","HD","CONTROL","BETWEEN","tail-relevant",-0.772772480852548
368,"Similarity","HD","CONTROL","WITHIN","tail-relevant",-0.739513764124832
369,"Same-Different","LD","CONTROL","BETWEEN","tail-relevant",-0.747497510795053
369,"Same-Different","LD","CONTROL","WITHIN","tail-relevant",-0.708857922282721
370,"XAB","HD","TRAIN","BETWEEN","tail-relevant",0.0619079853529554
370,"XAB","HD","TRAIN","WITHIN","tail-relevant",-0.184501206348161
371,"XAB","LD","TRAIN","BETWEEN","tail-relevant",-0.121394045352997
371,"XAB","LD","TRAIN","WITHIN","tail-relevant",-0.0159842819325039
372,"Similarity","LD","TRAIN","BETWEEN","tail-relevant",-1.01996646755772
372,"Similarity","LD","TRAIN","WITHIN","tail-relevant",-1.3449174334742
373,"XAB","HD","TRAIN","BETWEEN","tail-relevant",0.168376114009411
373,"XAB","HD","TRAIN","WITHIN","tail-relevant",-0.370756754386519
374,"Similarity","HD","CONTROL","BETWEEN","tail-relevant",-0.0483263618441955
374,"Similarity","HD","CONTROL","WITHIN","tail-relevant",0.515879259970022
375,"XAB","LD","CONTROL","BETWEEN","tail-relevant",-0.0876243270947157
375,"XAB","LD","CONTROL","WITHIN","tail-relevant",-0.432075453329188
376,"XAB","HD","CONTROL","BETWEEN","tail-relevant",0.033946658635098
376,"XAB","HD","CONTROL","WITHIN","tail-relevant",-0.15000943819291
377,"Similarity","LD","CONTROL","BETWEEN","tail-relevant",0.252904414205991
377,"Similarity","LD","CONTROL","WITHIN","tail-relevant",-0.0964411045186484
378,"Similarity","LD","CONTROL","BETWEEN","tail-relevant",-0.429861807903107
378,"Similarity","LD","CONTROL","WITHIN","tail-relevant",-0.346984886813837
379,"Similarity","LD","CONTROL","BETWEEN","tail-relevant",-0.0572788043304087
379,"Similarity","LD","CONTROL","WITHIN","tail-relevant",-0.521131328596354
380,"XAB","LD","TRAIN","BETWEEN","tail-relevant",-0.134785485351971
380,"XAB","LD","TRAIN","WITHIN","tail-relevant",-0.0876243270947157
381,"Similarity","LD","CONTROL","BETWEEN","tail-relevant",-0.061439798725409
381,"Similarity","LD","CONTROL","WITHIN","tail-relevant",-0.346657050891806
382,"Similarity","HD","CONTROL","BETWEEN","tail-relevant",-0.30239920141771
382,"Similarity","HD","CONTROL","WITHIN","tail-relevant",-0.499100754635915
383,"XAB","HD","CONTROL","BETWEEN","tail-relevant",0.00706076756023545
383,"XAB","HD","CONTROL","WITHIN","tail-relevant",0.11618585486409
384,"Same-Different","HD","TRAIN","BETWEEN","tail-relevant",0.116809074349204
384,"Same-Different","HD","TRAIN","WITHIN","tail-relevant",-0.00879949511812778
385,"XAB","LD","CONTROL","BETWEEN","tail-relevant",-0.490328217324724
385,"XAB","LD","CONTROL","WITHIN","tail-relevant",-0.665086509311332
386,"Similarity","LD","CONTROL","BETWEEN","tail-relevant",0.221129547916897
386,"Similarity","LD","CONTROL","WITHIN","tail-relevant",0.378188172717279
387,"Same-Different","LD","CONTROL","BETWEEN","tail-relevant",-0.310260061839723
387,"Same-Different","LD","CONTROL","WITHIN","tail-relevant",-0.0326651233169206
388,"Similarity","HD","TRAIN","BETWEEN","tail-relevant",-0.514022941431779
388,"Similarity","HD","TRAIN","WITHIN","tail-relevant",-0.347640558657897
389,"XAB","HD","TRAIN","BETWEEN","tail-relevant",0.383463242608313
389,"XAB","HD","TRAIN","WITHIN","tail-relevant",0.208704950621706
390,"Same-Different","LD","CONTROL","BETWEEN","tail-relevant",-0.336951882851531
390,"Same-Different","LD","CONTROL","WITHIN","tail-relevant",0.395590316028086
391,"XAB","LD","CONTROL","BETWEEN","tail-relevant",-0.60153803949802
391,"XAB","LD","CONTROL","WITHIN","tail-relevant",-0.140811633351509
392,"Similarity","HD","TRAIN","BETWEEN","tail-relevant",1.65805961232373
392,"Similarity","HD","TRAIN","WITHIN","tail-relevant",1.34989384561521
393,"Same-Different","HD","TRAIN","BETWEEN","tail-relevant",-0.310260061839723
393,"Same-Different","HD","TRAIN","WITHIN","tail-relevant",-0.554299568233395
394,"Similarity","LD","CONTROL","BETWEEN","tail-relevant",-1.05314346286719
394,"Similarity","LD","CONTROL","WITHIN","tail-relevant",-1.03135201628518
395,"Same-Different","HD","TRAIN","BETWEEN","tail-relevant",-0.128127636112092
395,"Same-Different","HD","TRAIN","WITHIN","tail-relevant",-0.0638740217307268
396,"Similarity","LD","TRAIN","BETWEEN","tail-relevant",-0.203111750745664
396,"Similarity","LD","TRAIN","WITHIN","tail-relevant",0.0254367206126313
397,"XAB","HD","TRAIN","BETWEEN","tail-relevant",-0.140811633351509
397,"XAB","HD","TRAIN","WITHIN","tail-relevant",-0.0876243270947157
398,"XAB","LD","CONTROL","BETWEEN","tail-relevant",-0.577707363318028
398,"XAB","LD","CONTROL","WITHIN","tail-relevant",-0.134785485351971
399,"Same-Different","LD","TRAIN","BETWEEN","tail-relevant",-0.167903683110081
399,"Same-Different","LD","TRAIN","WITHIN","tail-relevant",0.170192716372819
400,"Similarity","HD","CONTROL","BETWEEN","tail-relevant",-0.971184482359607
400,"Similarity","HD","CONTROL","WITHIN","tail-relevant",-0.857304635759593
401,"Similarity","LD","CONTROL","BETWEEN","tail-relevant",0.0260068700422493
401,"Similarity","LD","CONTROL","WITHIN","tail-relevant",0.142933115068306
402,"Same-Different","LD","CONTROL","BETWEEN","tail-relevant",-0.844096482075881
402,"Same-Different","LD","CONTROL","WITHIN","tail-relevant",-0.573619362489561
403,"XAB","HD","TRAIN","BETWEEN","tail-relevant",0.0619079853529554
403,"XAB","HD","TRAIN","WITHIN","tail-relevant",0.033946658635098
404,"XAB","HD","TRAIN","BETWEEN","tail-relevant",-0.0908806927839073
404,"XAB","HD","TRAIN","WITHIN","tail-relevant",-0.577707363318028
405,"XAB","LD","TRAIN","BETWEEN","tail-relevant",-0.0908806927839073
405,"XAB","LD","TRAIN","WITHIN","tail-relevant",-0.565224628176127
406,"XAB","LD","CONTROL","BETWEEN","tail-relevant",-0.315569925338117
406,"XAB","LD","CONTROL","WITHIN","tail-relevant",-0.199064397347045
407,"XAB","HD","TRAIN","BETWEEN","tail-relevant",0.033946658635098
407,"XAB","HD","TRAIN","WITHIN","tail-relevant",-0.701877728676933
408,"XAB","LD","CONTROL","BETWEEN","tail-relevant",-0.273627935261331
408,"XAB","LD","CONTROL","WITHIN","tail-relevant",-0.370756754386519
409,"XAB","HD","TRAIN","BETWEEN","tail-relevant",-0.0437236933589496
409,"XAB","HD","TRAIN","WITHIN","tail-relevant",0.033946658635098
410,"Similarity","HD","TRAIN","BETWEEN","tail-relevant",-0.226744757872247
410,"Similarity","HD","TRAIN","WITHIN","tail-relevant",-0.296346845934073
411,"Same-Different","HD","TRAIN","BETWEEN","tail-relevant",0.330343642443667
411,"Same-Different","HD","TRAIN","WITHIN","tail-relevant",0.0779846074229375
412,"Same-Different","HD","CONTROL","BETWEEN","tail-relevant",-0.00879949511812778
412,"Same-Different","HD","CONTROL","WITHIN","tail-relevant",-0.235522963006661
413,"XAB","LD","TRAIN","BETWEEN","tail-relevant",-0.792183448937955
413,"XAB","LD","TRAIN","WITHIN","tail-relevant",0.033946658635098
414,"XAB","LD","TRAIN","BETWEEN","tail-relevant",-0.189743955107759
414,"XAB","LD","TRAIN","WITHIN","tail-relevant",-0.315569925338117
415,"XAB","HD","CONTROL","BETWEEN","tail-relevant",0.31355992581367
415,"XAB","HD","CONTROL","WITHIN","tail-relevant",0.161043598261722
416,"Same-Different","HD","CONTROL","BETWEEN","tail-relevant",-0.235522963006661
416,"Same-Different","HD","CONTROL","WITHIN","tail-relevant",-0.247455777106057
417,"Same-Different","HD","CONTROL","BETWEEN","tail-relevant",-0.383055937326472
417,"Same-Different","HD","CONTROL","WITHIN","tail-relevant",-0.554299568233395
418,"Same-Different","HD","CONTROL","BETWEEN","tail-relevant",-0.844096482075881
418,"Same-Different","HD","CONTROL","WITHIN","tail-relevant",-0.844096482075881
419,"XAB","HD","TRAIN","BETWEEN","tail-relevant",-0.490328217324724
419,"XAB","HD","TRAIN","WITHIN","tail-relevant",-0.220247220618149
420,"Same-Different","LD","TRAIN","BETWEEN","tail-relevant",0.0100417903019719
420,"Same-Different","LD","TRAIN","WITHIN","tail-relevant",-0.409401111312152
421,"XAB","LD","TRAIN","BETWEEN","tail-relevant",0.0657208935417539
421,"XAB","LD","TRAIN","WITHIN","tail-relevant",-0.210714950146152
422,"XAB","LD","CONTROL","BETWEEN","tail-relevant",-0.509745805323236
422,"XAB","LD","CONTROL","WITHIN","tail-relevant",-0.0396357800961051
423,"Similarity","HD","CONTROL","BETWEEN","tail-relevant",-0.0333114766152056
423,"Similarity","HD","CONTROL","WITHIN","tail-relevant",0.135964260040004
424,"Same-Different","HD","CONTROL","BETWEEN","tail-relevant",-0.605440200087952
424,"Same-Different","HD","CONTROL","WITHIN","tail-relevant",-0.383055937326472
425,"XAB","LD","TRAIN","BETWEEN","tail-relevant",-0.189743955107759
425,"XAB","LD","TRAIN","WITHIN","tail-relevant",-0.15000943819291
426,"Same-Different","HD","TRAIN","BETWEEN","tail-relevant",0.170192716372819
426,"Same-Different","HD","TRAIN","WITHIN","tail-relevant",0.0779846074229375
427,"XAB","LD","TRAIN","BETWEEN","tail-relevant",-0.396227598562705
427,"XAB","LD","TRAIN","WITHIN","tail-relevant",-0.500608116853348
428,"XAB","HD","CONTROL","BETWEEN","tail-relevant",0.229675945660098
428,"XAB","HD","CONTROL","WITHIN","tail-relevant",0.333532302040711
429,"XAB","HD","CONTROL","BETWEEN","tail-relevant",-0.276734749341093
429,"XAB","HD","CONTROL","WITHIN","tail-relevant",-0.253890528166373
430,"XAB","HD","TRAIN","BETWEEN","tail-relevant",-0.525279875722046
430,"XAB","HD","TRAIN","WITHIN","tail-relevant",-0.15000943819291
431,"Same-Different","LD","CONTROL","BETWEEN","tail-relevant",-0.731397682248248
431,"Same-Different","LD","CONTROL","WITHIN","tail-relevant",-0.73732919802865
432,"Similarity","HD","CONTROL","BETWEEN","tail-relevant",-0.475787977958202
432,"Similarity","HD","CONTROL","WITHIN","tail-relevant",-0.741043665094307
433,"Similarity","LD","CONTROL","BETWEEN","tail-relevant",-0.396534944743565
433,"Similarity","LD","CONTROL","WITHIN","tail-relevant",-0.465380488369937
434,"Similarity","HD","TRAIN","BETWEEN","tail-relevant",-0.463507140244049
434,"Similarity","HD","TRAIN","WITHIN","tail-relevant",-0.74229540225115
435,"Similarity","HD","TRAIN","BETWEEN","tail-relevant",-0.90725647756369
435,"Similarity","HD","TRAIN","WITHIN","tail-relevant",-0.628692366167909
436,"Similarity","HD","TRAIN","BETWEEN","tail-relevant",0.29262299706736
436,"Similarity","HD","TRAIN","WITHIN","tail-relevant",-0.432713980424771
437,"XAB","HD","CONTROL","BETWEEN","tail-relevant",-0.234912252113529
437,"XAB","HD","CONTROL","WITHIN","tail-relevant",-0.0534324873582056
438,"XAB","HD","TRAIN","BETWEEN","tail-relevant",0.277088630094726
438,"XAB","HD","TRAIN","WITHIN","tail-relevant",0.0657208935417539
439,"XAB","LD","CONTROL","BETWEEN","tail-relevant",-0.365500865905719
439,"XAB","LD","CONTROL","WITHIN","tail-relevant",-0.269980805689437
440,"Same-Different","LD","CONTROL","BETWEEN","tail-relevant",-0.336951882851531
440,"Same-Different","LD","CONTROL","WITHIN","tail-relevant",-0.68805199000685
441,"Same-Different","LD","TRAIN","BETWEEN","tail-relevant",-0.0326651233169206
441,"Same-Different","LD","TRAIN","WITHIN","tail-relevant",0.110528645875837
442,"Same-Different","LD","CONTROL","BETWEEN","tail-relevant",-0.0326651233169206
442,"Same-Different","LD","CONTROL","WITHIN","tail-relevant",-0.219918513799758
443,"Same-Different","LD","CONTROL","BETWEEN","tail-relevant",-0.844096482075881
443,"Same-Different","LD","CONTROL","WITHIN","tail-relevant",-0.590524182463706
444,"Same-Different","HD","CONTROL","BETWEEN","tail-relevant",-0.554299568233395
444,"Same-Different","HD","CONTROL","WITHIN","tail-relevant",0.373050556062559
445,"Similarity","HD","TRAIN","BETWEEN","tail-relevant",-0.940922704941421
445,"Similarity","HD","TRAIN","WITHIN","tail-relevant",-1.0197813366841
446,"Same-Different","LD","CONTROL","BETWEEN","tail-relevant",-0.618698882420614
446,"Same-Different","LD","CONTROL","WITHIN","tail-relevant",-0.659680264176117
447,"Same-Different","HD","CONTROL","BETWEEN","tail-relevant",-0.128127636112092
447,"Same-Different","HD","CONTROL","WITHIN","tail-relevant",-0.375963005868789
448,"Same-Different","HD","CONTROL","BETWEEN","tail-relevant",-0.747497510795053
448,"Same-Different","HD","CONTROL","WITHIN","tail-relevant",-0.573619362489561
449,"Same-Different","HD","TRAIN","BETWEEN","tail-relevant",-0.280602482937714
449,"Same-Different","HD","TRAIN","WITHIN","tail-relevant",0.423765015984995
450,"XAB","HD","CONTROL","BETWEEN","tail-relevant",0.0657208935417539
450,"XAB","HD","CONTROL","WITHIN","tail-relevant",-0.315569925338117
451,"XAB","HD","CONTROL","BETWEEN","tail-relevant",-0.189743955107759
451,"XAB","HD","CONTROL","WITHIN","tail-relevant",-0.178802566392076
452,"Same-Different","LD","TRAIN","BETWEEN","tail-relevant",0.0252942594515764
452,"Same-Different","LD","TRAIN","WITHIN","tail-relevant",-0.167903683110081
453,"Similarity","HD","TRAIN","BETWEEN","tail-relevant",-0.34476568980317
453,"Similarity","HD","TRAIN","WITHIN","tail-relevant",-0.464131589619345
454,"XAB","LD","TRAIN","BETWEEN","tail-relevant",-0.525279875722046
454,"XAB","LD","TRAIN","WITHIN","tail-relevant",-0.315569925338117
455,"Same-Different","HD","CONTROL","BETWEEN","tail-relevant",-0.506000082592981
455,"Same-Different","HD","CONTROL","WITHIN","tail-relevant",-0.659680264176117
456,"Same-Different","LD","TRAIN","BETWEEN","tail-relevant",0.110528645875837
456,"Same-Different","LD","TRAIN","WITHIN","tail-relevant",0.50828911585572
457,"Same-Different","HD","CONTROL","BETWEEN","tail-relevant",-0.167903683110081
457,"Same-Different","HD","CONTROL","WITHIN","tail-relevant",0.121893230732405
458,"Similarity","LD","TRAIN","BETWEEN","tail-relevant",0.253610522345749
458,"Similarity","LD","TRAIN","WITHIN","tail-relevant",0.30029435764287
459,"Similarity","HD","CONTROL","BETWEEN","tail-relevant",-0.900371923201053
459,"Similarity","HD","CONTROL","WITHIN","tail-relevant",-0.279450686875586
460,"Similarity","HD","TRAIN","BETWEEN","tail-relevant",0.249770158687679
460,"Similarity","HD","TRAIN","WITHIN","tail-relevant",-0.162249344749739
461,"Similarity","HD","CONTROL","BETWEEN","tail-relevant",0.140935837758706
461,"Similarity","HD","CONTROL","WITHIN","tail-relevant",-0.0524725220345788
462,"Same-Different","HD","TRAIN","BETWEEN","tail-relevant",-0.336951882851531
462,"Same-Different","HD","TRAIN","WITHIN","tail-relevant",-0.618698882420614
463,"Same-Different","LD","TRAIN","BETWEEN","tail-relevant",0.315091173294062
463,"Same-Different","LD","TRAIN","WITHIN","tail-relevant",0.229856786869802
464,"XAB","LD","CONTROL","BETWEEN","tail-relevant",-0.361159044986797
464,"XAB","LD","CONTROL","WITHIN","tail-relevant",-0.315569925338117
465,"Similarity","LD","CONTROL","BETWEEN","tail-relevant",-1.09412295312098
465,"Similarity","LD","CONTROL","WITHIN","tail-relevant",-1.07069232692882
466,"Similarity","LD","CONTROL","BETWEEN","tail-relevant",-0.085090818814741
466,"Similarity","LD","CONTROL","WITHIN","tail-relevant",-0.216225187626877
467,"XAB","HD","CONTROL","BETWEEN","tail-relevant",0.00355391220264467
467,"XAB","HD","CONTROL","WITHIN","tail-relevant",0.333532302040711
468,"XAB","HD","TRAIN","BETWEEN","tail-relevant",-0.228190779344813
468,"XAB","HD","TRAIN","WITHIN","tail-relevant",-0.253890528166373
469,"Similarity","HD","CONTROL","BETWEEN","tail-relevant",-0.441603377541362
469,"Similarity","HD","CONTROL","WITHIN","tail-relevant",-0.938400890156573
470,"Similarity","HD","TRAIN","BETWEEN","tail-relevant",-0.743884909751903
470,"Similarity","HD","TRAIN","WITHIN","tail-relevant",-0.743572685064255
471,"Similarity","LD","TRAIN","BETWEEN","tail-relevant",-0.0913920806927267
471,"Similarity","LD","TRAIN","WITHIN","tail-relevant",-0.154404699472584
472,"Same-Different","HD","TRAIN","BETWEEN","tail-relevant",-0.203492777792491
472,"Same-Different","HD","TRAIN","WITHIN","tail-relevant",0.0252942594515764
473,"Same-Different","LD","TRAIN","BETWEEN","tail-relevant",-0.280602482937714
473,"Same-Different","LD","TRAIN","WITHIN","tail-relevant",-0.844096482075881
474,"Similarity","HD","CONTROL","BETWEEN","tail-relevant",-0.236832017011641
474,"Similarity","HD","CONTROL","WITHIN","tail-relevant",-0.313873458688772
475,"Similarity","LD","TRAIN","BETWEEN","tail-relevant",-1.04229965929234
475,"Similarity","LD","TRAIN","WITHIN","tail-relevant",-0.903743949827651
476,"XAB","HD","CONTROL","BETWEEN","tail-relevant",-0.189743955107759
476,"XAB","HD","CONTROL","WITHIN","tail-relevant",0.15045218662617
477,"Similarity","LD","TRAIN","BETWEEN","tail-relevant",-0.805627341734284
477,"Similarity","LD","TRAIN","WITHIN","tail-relevant",-0.506477062881598
478,"XAB","LD","TRAIN","BETWEEN","tail-relevant",-0.315569925338117
478,"XAB","LD","TRAIN","WITHIN","tail-relevant",-0.199064397347045
479,"Same-Different","HD","TRAIN","BETWEEN","tail-relevant",-0.310260061839723
479,"Same-Different","HD","TRAIN","WITHIN","tail-relevant",-0.438380802696401
480,"XAB","LD","TRAIN","BETWEEN","tail-relevant",-0.0534324873582056
480,"XAB","LD","TRAIN","WITHIN","tail-relevant",-0.500608116853348
481,"XAB","LD","CONTROL","BETWEEN","tail-relevant",-0.615155568743729
481,"XAB","LD","CONTROL","WITHIN","tail-relevant",-0.839844801297939
482,"Same-Different","LD","TRAIN","BETWEEN","tail-relevant",0.116809074349204
482,"Same-Different","LD","TRAIN","WITHIN","tail-relevant",-0.393301282765348
483,"XAB","HD","TRAIN","BETWEEN","tail-relevant",0.383463242608313
483,"XAB","HD","TRAIN","WITHIN","tail-relevant",-0.184501206348161
484,"Same-Different","LD","TRAIN","BETWEEN","tail-relevant",0.057493916545186
484,"Same-Different","LD","TRAIN","WITHIN","tail-relevant",-0.409401111312152
485,"XAB","LD","CONTROL","BETWEEN","tail-relevant",0.111617010629146
485,"XAB","LD","CONTROL","WITHIN","tail-relevant",-0.623966911196836
486,"Same-Different","HD","TRAIN","BETWEEN","tail-relevant",0.170192716372819
486,"Same-Different","HD","TRAIN","WITHIN","tail-relevant",0.170192716372819
487,"XAB","HD","CONTROL","BETWEEN","tail-relevant",0.111617010629146
487,"XAB","HD","CONTROL","WITHIN","tail-relevant",-0.0219759948006162
488,"XAB","HD","TRAIN","BETWEEN","tail-relevant",-0.140811633351509
488,"XAB","HD","TRAIN","WITHIN","tail-relevant",-0.315569925338117
489,"Same-Different","LD","CONTROL","BETWEEN","tail-relevant",-0.198639719426708
489,"Same-Different","LD","CONTROL","WITHIN","tail-relevant",0.33924091611427
490,"Same-Different","LD","TRAIN","BETWEEN","tail-relevant",-0.29084782837659
490,"Same-Different","LD","TRAIN","WITHIN","tail-relevant",-0.554299568233395
491,"XAB","HD","CONTROL","BETWEEN","tail-relevant",0.121325804628402
491,"XAB","HD","CONTROL","WITHIN","tail-relevant",0.239544649207577
492,"Similarity","HD","TRAIN","BETWEEN","tail-relevant",0.11067406034052
492,"Similarity","HD","TRAIN","WITHIN","tail-relevant",-0.110068793826576
493,"XAB","LD","CONTROL","BETWEEN","tail-relevant",-0.39046633618952
493,"XAB","LD","CONTROL","WITHIN","tail-relevant",0.103849975429741
494,"Same-Different","HD","CONTROL","BETWEEN","tail-relevant",-0.264502654390909
494,"Same-Different","HD","CONTROL","WITHIN","tail-relevant",0.0434065665667318
495,"XAB","LD","CONTROL","BETWEEN","tail-relevant",-0.228190779344813
495,"XAB","LD","CONTROL","WITHIN","tail-relevant",-0.00100499976222333
496,"Same-Different","HD","CONTROL","BETWEEN","tail-relevant",-0.29084782837659
496,"Same-Different","HD","CONTROL","WITHIN","tail-relevant",-0.106431610476826
497,"Similarity","LD","TRAIN","BETWEEN","tail-relevant",0.307375613558725
497,"Similarity","LD","TRAIN","WITHIN","tail-relevant",0.372597707520551
498,"Similarity","HD","TRAIN","BETWEEN","tail-relevant",0.0359274701176022
498,"Similarity","HD","TRAIN","WITHIN","tail-relevant",-0.218587235263866
499,"Similarity","LD","TRAIN","BETWEEN","tail-relevant",-0.972641530901964
499,"Similarity","LD","TRAIN","WITHIN","tail-relevant",-0.849742653850976
500,"Similarity","HD","TRAIN","BETWEEN","tail-relevant",-0.472349343398239
500,"Similarity","HD","TRAIN","WITHIN","tail-relevant",-0.587616453584107
501,"Same-Different","LD","TRAIN","BETWEEN","tail-relevant",-0.361101625671738
501,"Same-Different","LD","TRAIN","WITHIN","tail-relevant",0.229856786869802
502,"Same-Different","HD","TRAIN","BETWEEN","tail-relevant",-0.134094043161791
502,"Same-Different","HD","TRAIN","WITHIN","tail-relevant",-0.336951882851531
503,"Same-Different","LD","CONTROL","BETWEEN","tail-relevant",-0.567472155226236
503,"Same-Different","LD","CONTROL","WITHIN","tail-relevant",-0.409401111312152
504,"Same-Different","HD","TRAIN","BETWEEN","tail-relevant",-0.366783918100022
504,"Same-Different","HD","TRAIN","WITHIN","tail-relevant",-0.106431610476826
505,"Similarity","HD","TRAIN","BETWEEN","tail-relevant",0.032780245266111
505,"Similarity","HD","TRAIN","WITHIN","tail-relevant",0.0284170471765436
506,"Similarity","LD","TRAIN","BETWEEN","tail-relevant",-0.257006535290432
506,"Similarity","LD","TRAIN","WITHIN","tail-relevant",-0.321132682676587
507,"Same-Different","LD","CONTROL","BETWEEN","tail-relevant",-0.844096482075881
507,"Same-Different","LD","CONTROL","WITHIN","tail-relevant",-0.264502654390909
508,"Similarity","HD","CONTROL","BETWEEN","tail-relevant",1.41546103002128
508,"Similarity","HD","CONTROL","WITHIN","tail-relevant",0.707335438435742
509,"Same-Different","LD","TRAIN","BETWEEN","tail-relevant",-0.203492777792491
509,"Same-Different","LD","TRAIN","WITHIN","tail-relevant",-0.375963005868789
510,"Similarity","HD","TRAIN","BETWEEN","tail-relevant",-0.278795015031526
510,"Similarity","HD","TRAIN","WITHIN","tail-relevant",0.107202856460199
511,"Same-Different","HD","TRAIN","BETWEEN","tail-relevant",0.437110926490898
511,"Same-Different","HD","TRAIN","WITHIN","tail-relevant",0.110528645875837
512,"XAB","LD","TRAIN","BETWEEN","tail-relevant",0.00355391220264467
512,"XAB","LD","TRAIN","WITHIN","tail-relevant",-0.130531733822885
513,"Similarity","HD","CONTROL","BETWEEN","tail-relevant",-0.628361775322164
513,"Similarity","HD","CONTROL","WITHIN","tail-relevant",-0.381079822704992
514,"Similarity","HD","CONTROL","BETWEEN","tail-relevant",0.0206054543932372
514,"Similarity","HD","CONTROL","WITHIN","tail-relevant",-0.0270170269122231
515,"Similarity","LD","CONTROL","BETWEEN","tail-relevant",-0.160431993442832
515,"Similarity","LD","CONTROL","WITHIN","tail-relevant",-0.0938955550064129
516,"Same-Different","HD","TRAIN","BETWEEN","tail-relevant",0.0687637965279494
516,"Same-Different","HD","TRAIN","WITHIN","tail-relevant",-0.336951882851531
517,"Similarity","LD","CONTROL","BETWEEN","tail-relevant",-0.931844171715966
517,"Similarity","LD","CONTROL","WITHIN","tail-relevant",-1.08483426866346
