"mturk_id","trial_type","stim_type","train_type","dimension","irrelevant","relevant"
1,"XAB","HD","CONTROL","shape-relevant",0.341088903671249,0.107323593740353
2,"XAB","LD","TRAIN","shape-relevant",-0.322502943874522,0.151336332886102
3,"Similarity","LD","CONTROL","shape-relevant",-1.15725012378987,-0.750094740532741
4,"Similarity","LD","CONTROL","shape-relevant",-0.778375912389292,-0.975012405389985
5,"XAB","LD","TRAIN","shape-relevant",-0.532640362264016,0.0902669851048417
6,"XAB","HD","TRAIN","shape-relevant",0.189370254766554,0.271363673313179
7,"Similarity","HD","CONTROL","shape-relevant",-1.09574157557293,0.465007814822772
8,"Same-Different","LD","CONTROL","shape-relevant",-0.702090810658089,-0.0670859826849956
9,"Same-Different","HD","CONTROL","shape-relevant",0.465033646122179,0.788211974630206
10,"XAB","LD","TRAIN","shape-relevant",-0.187799470547923,-0.103609799718799
11,"Same-Different","HD","TRAIN","shape-relevant",-0.171063381417432,0.392147528383265
12,"XAB","LD","CONTROL","shape-relevant",-0.153037283882994,0.212752744476077
13,"XAB","HD","CONTROL","shape-relevant",-0.0523262630880293,0.471919003695517
14,"Same-Different","HD","TRAIN","shape-relevant",-0.846916473178268,0.14213683183759
15,"Same-Different","HD","CONTROL","shape-relevant",-0.00210010847722289,0.358659312124845
16,"XAB","HD","CONTROL","shape-relevant",0.319583612315599,0.265881827616062
17,"Similarity","HD","TRAIN","shape-relevant",-0.0811406021769617,0.764158668422654
18,"Same-Different","HD","TRAIN","shape-relevant",-0.412439485617731,0.140868814779877
19,"XAB","LD","TRAIN","shape-relevant",-0.294105995443509,0.227856961431296
20,"Similarity","LD","TRAIN","shape-relevant",0.278905847472963,0.157941231886287
21,"XAB","LD","TRAIN","shape-relevant",-0.122372069217861,0.146952990825412
22,"Similarity","LD","TRAIN","shape-relevant",0.0281884174417076,0.516219270857118
23,"Same-Different","LD","TRAIN","shape-relevant",0.395781147156173,0.290494827589968
24,"XAB","LD","TRAIN","shape-relevant",-0.51108780653176,0.261212107207407
25,"Similarity","HD","CONTROL","shape-relevant",0.343088560964513,0.839555073462403
26,"Similarity","LD","CONTROL","shape-relevant",0.0418743126772413,0.592279703140264
27,"XAB","HD","TRAIN","shape-relevant",0.144469096991021,0.427987836087957
28,"XAB","HD","CONTROL","shape-relevant",-0.226985935515661,0.465512375086081
29,"XAB","HD","CONTROL","shape-relevant",0.367948573690959,0.283662686095173
30,"Same-Different","HD","CONTROL","shape-relevant",0.0368914160474407,0.504789710343404
31,"Similarity","LD","CONTROL","shape-relevant",0.645523888565832,0.6192644322463
32,"Similarity","HD","TRAIN","shape-relevant",-0.405709763103567,0.66617128995122
33,"Similarity","LD","TRAIN","shape-relevant",-1.08296469745706,0.123297445608381
34,"Similarity","LD","CONTROL","shape-relevant",0.00557349690045352,0.304503432335672
35,"XAB","HD","TRAIN","shape-relevant",-0.0101365111333817,0.192539748256591
36,"XAB","HD","CONTROL","shape-relevant",-0.295562249209202,0.427987836087957
37,"Same-Different","LD","TRAIN","shape-relevant",-0.71610619735359,0.0475949717993091
38,"XAB","LD","TRAIN","shape-relevant",-0.123724304857433,0.364484770091132
39,"XAB","LD","CONTROL","shape-relevant",-0.211904302616893,-0.0359519187979388
40,"Similarity","LD","TRAIN","shape-relevant",0.286328402967309,0.763064818139276
41,"Similarity","HD","TRAIN","shape-relevant",-0.227847928408061,0.667703511383301
42,"XAB","HD","TRAIN","shape-relevant",-0.0359519187979388,0.151336332886102
43,"Similarity","HD","TRAIN","shape-relevant",-0.471660122945776,0.483202059466664
44,"Same-Different","HD","CONTROL","shape-relevant",0.166863164462986,0.195828296967022
45,"Similarity","LD","CONTROL","shape-relevant",-0.515774851397492,-0.0285742651511349
46,"Same-Different","HD","CONTROL","shape-relevant",-0.653815589818029,0.215138385303046
47,"Same-Different","HD","TRAIN","shape-relevant",-0.846916473178268,0.465033646122179
48,"XAB","LD","TRAIN","shape-relevant",-0.0800366918866438,0.0277260867746351
49,"Same-Different","LD","TRAIN","shape-relevant",-0.846916473178268,-0.238648690593516
50,"Similarity","HD","CONTROL","shape-relevant",-0.123865453299201,0.228746107021434
51,"Similarity","HD","CONTROL","shape-relevant",-1.0205188383677,-0.101039699936888
52,"XAB","HD","TRAIN","shape-relevant",0.0277260867746351,0.0977718929044665
53,"Similarity","HD","CONTROL","shape-relevant",0.245071223800794,0.876901562746571
54,"Same-Different","HD","TRAIN","shape-relevant",-0.846916473178268,0.673752983283613
55,"Similarity","HD","CONTROL","shape-relevant",-0.253036302939204,0.208760527713526
56,"XAB","LD","TRAIN","shape-relevant",-0.137087574707321,0.256447086382248
57,"Similarity","HD","CONTROL","shape-relevant",0.095124630732123,0.802794285978926
58,"Same-Different","HD","CONTROL","shape-relevant",-0.711745854826101,-0.0358927630652647
59,"Same-Different","HD","TRAIN","shape-relevant",-0.171063381417432,-0.00622116391478904
60,"Similarity","LD","CONTROL","shape-relevant",-0.392567749762177,0.244888305693206
61,"Similarity","LD","TRAIN","shape-relevant",-0.495805982126912,0.56978703501709
62,"Similarity","LD","TRAIN","shape-relevant",-0.5797803323753,0.250322497806138
63,"Similarity","LD","TRAIN","shape-relevant",-0.33990088426623,0.567677792883827
64,"Same-Different","LD","CONTROL","shape-relevant",-0.637168961942147,-0.227384472397502
65,"Similarity","LD","CONTROL","shape-relevant",0.121527913434335,0.419602708720315
66,"XAB","HD","TRAIN","shape-relevant",-0.198892697763055,0.151336332886102
67,"Similarity","HD","TRAIN","shape-relevant",0.298178447703898,0.451936647914489
68,"Same-Different","LD","CONTROL","shape-relevant",-0.762434836708164,-0.253484490168754
69,"Same-Different","HD","TRAIN","shape-relevant",-0.846916473178268,0.14213683183759
70,"Same-Different","HD","TRAIN","shape-relevant",-0.48485231687782,0.540360925699238
71,"Same-Different","LD","TRAIN","shape-relevant",-0.846916473178268,0.268241128227112
72,"Same-Different","LD","TRAIN","shape-relevant",-0.546537321284563,0.816721906540713
73,"XAB","HD","TRAIN","shape-relevant",-0.00729681629028045,-0.780494753184958
74,"XAB","HD","CONTROL","shape-relevant",0.189370254766554,0.362727768265133
75,"XAB","HD","CONTROL","shape-relevant",-0.205759933658136,0.0398029499004682
76,"XAB","LD","CONTROL","shape-relevant",-0.614360469415486,0.122018518103254
77,"XAB","LD","TRAIN","shape-relevant",-0.82019682953385,0.393874618816936
78,"Similarity","HD","TRAIN","shape-relevant",0.308205408634857,0.558727508258366
79,"Similarity","LD","CONTROL","shape-relevant",-0.452164465981275,0.451531967824449
80,"Same-Different","LD","TRAIN","shape-relevant",-0.0865817449473275,0.331897058962725
81,"Similarity","HD","TRAIN","shape-relevant",-0.627147747299472,0.427379604363687
82,"Similarity","LD","CONTROL","shape-relevant",0.283719507176496,0.718890095156729
83,"Similarity","HD","TRAIN","shape-relevant",-0.598171090063662,0.731409453877901
84,"Same-Different","LD","CONTROL","shape-relevant",-0.612967326030286,0.413458211456805
85,"Same-Different","HD","CONTROL","shape-relevant",-0.846916473178268,0.0747013792228721
86,"XAB","LD","CONTROL","shape-relevant",-0.543700226389779,0.421733746254937
87,"XAB","HD","TRAIN","shape-relevant",-0.151460859138887,0.190623310332383
88,"Similarity","LD","TRAIN","shape-relevant",-0.73160346193279,-0.173703476869359
89,"XAB","HD","TRAIN","shape-relevant",0.110132917515613,0.110132917515613
90,"XAB","HD","TRAIN","shape-relevant",0.0277260867746351,0.0977718929044665
91,"Similarity","HD","CONTROL","shape-relevant",-0.223009040258257,0.548438133749324
92,"Similarity","LD","TRAIN","shape-relevant",-0.150808936054484,0.656201075915708
93,"XAB","HD","TRAIN","shape-relevant",-0.481697957805957,-0.215289975308453
94,"XAB","HD","CONTROL","shape-relevant",-0.0752824516515874,0.0420211492501109
95,"Similarity","HD","CONTROL","shape-relevant",0.288583269779535,0.430550184895216
96,"Same-Different","HD","TRAIN","shape-relevant",-0.570431117457926,0.107229068131148
97,"Same-Different","HD","TRAIN","shape-relevant",-0.846916473178268,0.919022250454885
98,"Same-Different","LD","CONTROL","shape-relevant",-0.217673939469903,0.230224391815565
99,"XAB","HD","TRAIN","shape-relevant",-0.0973557098857781,-0.282091901876542
100,"XAB","HD","CONTROL","shape-relevant",-0.112365525485028,0.133455605461173
101,"Same-Different","LD","CONTROL","shape-relevant",-0.633489181043267,-0.570431117457926
102,"Similarity","LD","TRAIN","shape-relevant",-0.819512162362458,-0.175823341759626
103,"Same-Different","HD","CONTROL","shape-relevant",-0.0535237132851126,0.868710605906931
104,"Same-Different","HD","CONTROL","shape-relevant",-0.846916473178268,0.110542073482916
105,"Similarity","LD","CONTROL","shape-relevant",-0.0520455465353454,-0.35329496936881
106,"Same-Different","HD","CONTROL","shape-relevant",0.166863164462986,0.400812311610968
107,"Same-Different","LD","TRAIN","shape-relevant",0.226497260794825,0.0787084133637466
108,"Similarity","LD","TRAIN","shape-relevant",-0.567539997293411,0.24426171387785
109,"Same-Different","LD","TRAIN","shape-relevant",-0.684711731155668,0.735568814847104
110,"Same-Different","LD","TRAIN","shape-relevant",-0.396347745337711,-0.127459956142539
111,"Similarity","HD","CONTROL","shape-relevant",-0.733472505834359,0.688739093755943
112,"Same-Different","HD","TRAIN","shape-relevant",0.279505346423126,0.381907330023252
113,"Same-Different","HD","CONTROL","shape-relevant",-0.846916473178268,0.381907330023252
114,"XAB","LD","CONTROL","shape-relevant",-0.4976174591991,-0.160858775882603
115,"XAB","HD","CONTROL","shape-relevant",-0.392548750004353,-0.00272861154268278
116,"Similarity","HD","TRAIN","shape-relevant",0.234370514506885,0.444817797287095
117,"XAB","LD","TRAIN","shape-relevant",-0.392548750004353,0.162429560101234
118,"Similarity","HD","CONTROL","shape-relevant",-0.0431433536832977,0.231790678932882
119,"XAB","HD","CONTROL","shape-relevant",-0.163307929943087,0.480963655850015
120,"Similarity","HD","CONTROL","shape-relevant",-1.10203884593647,-0.477214004945516
121,"XAB","LD","CONTROL","shape-relevant",-0.220823547879605,0.334176488592647
122,"XAB","HD","CONTROL","shape-relevant",-0.0800366918866438,0.281083257882536
123,"Similarity","LD","CONTROL","shape-relevant",-0.650317856576022,0.459279526854373
124,"Similarity","HD","TRAIN","shape-relevant",0.569036613111625,0.358542778156945
125,"XAB","HD","CONTROL","shape-relevant",-0.288609811876216,0.151336332886102
126,"Similarity","HD","TRAIN","shape-relevant",-1.03141543122893,0.0433187728353627
127,"Same-Different","LD","TRAIN","shape-relevant",-0.846916473178268,-0.289337672475578
128,"Similarity","LD","CONTROL","shape-relevant",-0.241454358762267,0.478547377409739
129,"XAB","HD","CONTROL","shape-relevant",0.218760103492357,0.283662686095173
130,"XAB","LD","CONTROL","shape-relevant",-0.295562249209202,0.0938070359537213
131,"XAB","HD","TRAIN","shape-relevant",-0.0800366918866438,0.0595650895609221
132,"XAB","LD","CONTROL","shape-relevant",0.15030624750184,0.0849063366765384
133,"XAB","LD","TRAIN","shape-relevant",-0.736409980096253,0.0429534359332942
134,"Similarity","HD","TRAIN","shape-relevant",-0.828487344174785,0.0771695161794073
135,"XAB","LD","TRAIN","shape-relevant",-0.358733533252021,0.222297770468611
136,"Same-Different","LD","CONTROL","shape-relevant",-0.279199876099166,0.470997055755362
137,"Similarity","LD","TRAIN","shape-relevant",-0.933873349971141,0.317097241913255
138,"Same-Different","HD","TRAIN","shape-relevant",-0.779331164002185,-0.0120391245325294
139,"XAB","LD","TRAIN","shape-relevant",-0.232444050279024,-0.166017632307877
140,"Similarity","HD","TRAIN","shape-relevant",-1.04413211432632,-0.112411731129054
141,"XAB","LD","CONTROL","shape-relevant",-0.153037283882994,0.0152179071085938
142,"Same-Different","LD","CONTROL","shape-relevant",-0.668014184182753,-0.171063381417432
143,"XAB","HD","CONTROL","shape-relevant",-0.377802264503336,0.23374316362708
144,"XAB","LD","TRAIN","shape-relevant",-0.388170887121239,-0.104435811583537
145,"Same-Different","LD","TRAIN","shape-relevant",-0.567253124863439,0.524667742454017
146,"XAB","LD","CONTROL","shape-relevant",-0.245623400561292,0.0277260867746351
147,"Similarity","HD","CONTROL","shape-relevant",-0.869087913251494,0.128188200962821
148,"XAB","LD","CONTROL","shape-relevant",-0.123724304857433,0.191663079844453
149,"XAB","LD","TRAIN","shape-relevant",-0.217434234679775,-0.120447733884624
150,"Similarity","HD","TRAIN","shape-relevant",-1.19553488370808,-0.0111381046511451
151,"XAB","LD","CONTROL","shape-relevant",-0.561295464771674,0.202840602099214
152,"Similarity","HD","CONTROL","shape-relevant",-0.547385184049713,0.252601352563174
153,"XAB","HD","CONTROL","shape-relevant",0.103451282590669,0.364484770091132
154,"Similarity","HD","CONTROL","shape-relevant",-0.196658585252528,0.567176323514045
155,"Similarity","LD","TRAIN","shape-relevant",-0.880749079936147,0.197207652315218
156,"Same-Different","LD","CONTROL","shape-relevant",-0.765814102166968,0.385521517679727
157,"Similarity","LD","CONTROL","shape-relevant",-0.780611578148703,-0.739491089826531
158,"Same-Different","HD","CONTROL","shape-relevant",-0.171063381417432,0.481484431317169
159,"Similarity","LD","TRAIN","shape-relevant",-0.365776912475156,0.217542048608772
160,"Similarity","HD","CONTROL","shape-relevant",0.0552648487376638,0.0348010213162281
161,"Similarity","HD","TRAIN","shape-relevant",-1.26055820610884,0.259777320734267
162,"Similarity","LD","CONTROL","shape-relevant",-0.838210457804806,-0.410636535924633
163,"Similarity","HD","TRAIN","shape-relevant",-0.643390717791518,0.332779834218896
164,"Same-Different","HD","CONTROL","shape-relevant",-0.478269332217812,0.833061212055811
165,"Same-Different","HD","TRAIN","shape-relevant",-0.612967326030286,0.647074571766738
166,"Same-Different","LD","TRAIN","shape-relevant",0.481484431317169,0.448468619363334
167,"Same-Different","LD","CONTROL","shape-relevant",-0.593471563767955,0.110542073482916
168,"Similarity","LD","TRAIN","shape-relevant",-0.531585124400929,0.886831952054752
169,"Same-Different","LD","CONTROL","shape-relevant",-0.497337287784732,-0.22305208078365
170,"Similarity","LD","CONTROL","shape-relevant",-0.467516750660255,0.751344993674519
171,"Similarity","HD","TRAIN","shape-relevant",-0.683823180571364,0.369076151256134
172,"Same-Different","HD","CONTROL","shape-relevant",-0.846916473178268,0.140868814779877
173,"XAB","HD","TRAIN","shape-relevant",0.0277260867746351,0.0666404235134305
174,"Similarity","LD","CONTROL","shape-relevant",-0.492804687318979,0.445097554392818
175,"Similarity","LD","CONTROL","shape-relevant",-0.0425356590814214,0.751032465022125
176,"Similarity","HD","CONTROL","shape-relevant",-0.00290660504391144,0.620008548085332
177,"Similarity","HD","CONTROL","shape-relevant",-0.639328588099831,0.169802963057527
178,"Similarity","LD","TRAIN","shape-relevant",-0.599930206016462,0.208454127073925
179,"Same-Different","LD","TRAIN","shape-relevant",-0.765814102166968,0.577854909452684
180,"Same-Different","HD","CONTROL","shape-relevant",-0.66259290269804,0.335826437403195
181,"Same-Different","HD","TRAIN","shape-relevant",-0.0358927630652647,0.581591198043499
182,"Same-Different","LD","TRAIN","shape-relevant",-0.71610619735359,0.197583759543024
183,"Same-Different","HD","TRAIN","shape-relevant",-0.310209606191722,0.934878041463936
184,"Same-Different","LD","CONTROL","shape-relevant",-0.171063381417432,0.48547962200738
185,"Similarity","HD","TRAIN","shape-relevant",-0.960525158522889,0.724945793112489
186,"Similarity","LD","CONTROL","shape-relevant",-0.973422506722285,-0.734349925847763
187,"XAB","LD","CONTROL","shape-relevant",0.113147801567112,0.266906888193572
188,"XAB","LD","CONTROL","shape-relevant",-0.70690066044067,-0.395806694475508
189,"XAB","HD","TRAIN","shape-relevant",0.0277260867746351,0.550101590115751
190,"Same-Different","LD","CONTROL","shape-relevant",-0.416828142057736,0.230224391815565
191,"Same-Different","HD","TRAIN","shape-relevant",-0.684711731155668,0.927197892693927
192,"XAB","LD","CONTROL","shape-relevant",-0.4976174591991,-0.280475460196623
193,"XAB","HD","CONTROL","shape-relevant",0.21703907631472,0.0928849761977342
194,"XAB","HD","TRAIN","shape-relevant",-0.25245713774469,0.299332273808675
195,"XAB","LD","TRAIN","shape-relevant",-0.232444050279024,0.151336332886102
196,"XAB","HD","CONTROL","shape-relevant",-0.198892697763055,0.144469096991021
197,"XAB","LD","TRAIN","shape-relevant",-0.380874448982715,0.0689295021451242
198,"Similarity","HD","CONTROL","shape-relevant",-0.0909556473596578,0.332614475143555
199,"Similarity","LD","TRAIN","shape-relevant",-0.268153715141478,-0.00417828156927868
200,"Similarity","HD","CONTROL","shape-relevant",-0.740067779601781,0.166683679595768
201,"Similarity","HD","TRAIN","shape-relevant",-1.08522044009688,-0.0824814509114241
202,"XAB","LD","TRAIN","shape-relevant",-0.322502943874522,0.0849063366765384
203,"Same-Different","HD","CONTROL","shape-relevant",0.264970871331495,0.470997055755362
204,"XAB","HD","CONTROL","shape-relevant",0.127791524102966,0.384322917981049
205,"Similarity","HD","CONTROL","shape-relevant",-0.0250045905666863,0.3947343677798
206,"XAB","HD","TRAIN","shape-relevant",-0.322502943874522,0.448000923553624
207,"XAB","LD","TRAIN","shape-relevant",-0.322502943874522,0.362727768265133
208,"Similarity","LD","TRAIN","shape-relevant",-0.204309026222578,0.434150114873722
209,"Similarity","HD","TRAIN","shape-relevant",-1.04325837830888,0.199596878955074
210,"Similarity","LD","TRAIN","shape-relevant",-0.435852663509858,0.0889201326230111
211,"XAB","LD","CONTROL","shape-relevant",-0.256835000627805,0.315414219093586
212,"Similarity","HD","TRAIN","shape-relevant",-0.815118062933506,0.5386852728311
213,"XAB","HD","CONTROL","shape-relevant",0.268508545345931,0.307909311293961
214,"XAB","LD","CONTROL","shape-relevant",-0.519506773614672,0.122018518103254
215,"Same-Different","LD","TRAIN","shape-relevant",-0.530110336415376,0.543409887015452
216,"Same-Different","HD","CONTROL","shape-relevant",-0.287589776548611,0.556778409709622
217,"XAB","LD","TRAIN","shape-relevant",-0.721039427027011,0.0541584664462696
218,"XAB","LD","CONTROL","shape-relevant",-0.375037298471895,0.0145098969388179
219,"XAB","HD","TRAIN","shape-relevant",-0.322502943874522,0.396388224300063
220,"XAB","HD","CONTROL","shape-relevant",-0.137087574707321,0.410995592013335
221,"XAB","LD","CONTROL","shape-relevant",-0.194370371685806,-0.121307543288836
222,"Same-Different","LD","CONTROL","shape-relevant",0.118587943622926,0.189391600855014
223,"Similarity","LD","TRAIN","shape-relevant",-1.06055518860896,0.707070101252102
224,"Similarity","LD","CONTROL","shape-relevant",-0.754920550606464,0.0698966494338396
225,"Same-Different","LD","CONTROL","shape-relevant",-0.777000636099561,-0.0358927630652647
226,"Same-Different","HD","CONTROL","shape-relevant",-0.0865817449473275,0.284744517677085
227,"Similarity","HD","TRAIN","shape-relevant",-0.942386675269316,0.611417392489233
228,"XAB","HD","CONTROL","shape-relevant",0.0277260867746351,0.480963655850015
229,"Similarity","LD","TRAIN","shape-relevant",-0.936830610337876,0.325187096676178
230,"Same-Different","LD","CONTROL","shape-relevant",-0.762434836708164,0.520507224105284
231,"Similarity","HD","TRAIN","shape-relevant",-0.936454418441476,0.228059839795093
232,"XAB","HD","CONTROL","shape-relevant",0.175190941784806,0.632667139714088
233,"XAB","HD","TRAIN","shape-relevant",-0.488400905760965,0.40840981574111
234,"XAB","LD","TRAIN","shape-relevant",-0.0852510198863831,0.243251644097193
235,"Similarity","LD","TRAIN","shape-relevant",-0.118174475473521,0.807714921514426
236,"Same-Different","HD","CONTROL","shape-relevant",0.199565733419156,-0.0865817449473275
237,"Same-Different","HD","TRAIN","shape-relevant",-0.711745854826101,-0.0150972833187775
238,"XAB","HD","TRAIN","shape-relevant",0.00357236052296915,0.261212107207407
239,"XAB","HD","CONTROL","shape-relevant",-0.431194712007019,0.460736524668138
240,"Same-Different","LD","TRAIN","shape-relevant",-0.758761722079029,0.00182926996324709
241,"Similarity","LD","TRAIN","shape-relevant",-0.561627293058938,0.418812291012536
242,"XAB","LD","CONTROL","shape-relevant",0.15030624750184,-0.018971117311919
243,"Same-Different","LD","TRAIN","shape-relevant",-0.612967326030286,0.339947492840761
244,"Same-Different","LD","TRAIN","shape-relevant",-0.441404618121766,0.587210819094726
245,"XAB","HD","TRAIN","shape-relevant",0.0816074761052747,0.331698452998432
246,"Same-Different","LD","TRAIN","shape-relevant",-0.846916473178268,0.191589497088383
247,"Similarity","LD","TRAIN","shape-relevant",0.498717666323081,0.498717666323081
248,"XAB","LD","TRAIN","shape-relevant",-0.294105995443509,0.0744232908611894
249,"Same-Different","LD","TRAIN","shape-relevant",-0.50898992729785,0.0926841665867968
250,"Same-Different","LD","CONTROL","shape-relevant",-0.593471563767955,0.537758153843933
251,"Same-Different","HD","CONTROL","shape-relevant",0.207414349968636,0.273576810530487
252,"Same-Different","LD","CONTROL","shape-relevant",-0.321252957364284,0.335826437403195
253,"Similarity","LD","TRAIN","shape-relevant",-0.650317856576022,-0.211609801647897
254,"Similarity","HD","TRAIN","shape-relevant",0.0589677544198585,1.08925383238171
255,"XAB","LD","TRAIN","shape-relevant",-0.352522575073021,-0.0134773285958538
256,"XAB","LD","CONTROL","shape-relevant",-0.139774753970614,0.170676711529393
257,"XAB","HD","CONTROL","shape-relevant",0.319583612315599,0.252401313983528
258,"XAB","HD","TRAIN","shape-relevant",-0.693333682208923,-0.211904302616893
259,"XAB","HD","TRAIN","shape-relevant",0.00583677235906289,0.685298960646522
260,"XAB","HD","CONTROL","shape-relevant",0.0277260867746351,0.225681625837202
261,"Similarity","LD","TRAIN","shape-relevant",-0.452411199127901,0.780466981738462
262,"Same-Different","HD","CONTROL","shape-relevant",-0.690950375079614,0.487004102665488
263,"Similarity","HD","CONTROL","shape-relevant",-0.595132617054281,0.294271839548979
264,"Same-Different","HD","TRAIN","shape-relevant",-0.758761722079029,-0.366705065874516
265,"XAB","LD","CONTROL","shape-relevant",0.307909311293961,-0.17829099007781
266,"XAB","HD","CONTROL","shape-relevant",-0.133918081217283,0.433991762327657
267,"Similarity","LD","CONTROL","shape-relevant",-0.250309337246751,0.537984086752012
268,"XAB","LD","TRAIN","shape-relevant",-0.591283362744805,-0.245623400561292
269,"Same-Different","HD","CONTROL","shape-relevant",0.504789710343404,0.700431394800489
270,"Same-Different","HD","TRAIN","shape-relevant",-0.0358927630652647,0.636663484345519
271,"Same-Different","HD","CONTROL","shape-relevant",-0.546537321284563,0.468257110788765
272,"Same-Different","LD","TRAIN","shape-relevant",0.0542209825028467,0.660755808442059
273,"Same-Different","HD","TRAIN","shape-relevant",-0.576575236473934,0.833061212055811
274,"Same-Different","HD","CONTROL","shape-relevant",0.166863164462986,0.587210819094726
275,"XAB","LD","TRAIN","shape-relevant",-0.488400905760965,0.0786684912326944
276,"Same-Different","HD","TRAIN","shape-relevant",-0.276665427005063,0.197583759543024
277,"XAB","LD","CONTROL","shape-relevant",-0.399382487187751,-0.322502943874522
278,"Similarity","HD","TRAIN","shape-relevant",-0.759762609198955,0.463491979231267
279,"XAB","HD","TRAIN","shape-relevant",0.377955117423792,0.533612464378973
280,"Same-Different","LD","CONTROL","shape-relevant",-0.774503641918179,-0.103478072241348
281,"Same-Different","LD","CONTROL","shape-relevant",-0.846916473178268,-0.190941413528045
282,"Same-Different","HD","CONTROL","tail-relevant",0.2590249497031,-0.134530781862792
283,"Similarity","HD","TRAIN","tail-relevant",-0.620200019381679,0.226557298197047
284,"Same-Different","HD","CONTROL","tail-relevant",0.775130947047739,-0.206634596773266
285,"XAB","HD","TRAIN","tail-relevant",0.427987836087957,0.0411964341072952
286,"XAB","HD","CONTROL","tail-relevant",0.266906888193572,0.0938070359537213
287,"Same-Different","HD","CONTROL","tail-relevant",-0.267613823097551,-0.526775534975767
288,"XAB","LD","CONTROL","tail-relevant",0.15030624750184,-0.386830725014163
289,"Similarity","LD","CONTROL","tail-relevant",-0.610422997359556,-0.656740276692776
290,"XAB","LD","TRAIN","tail-relevant",-0.256835000627805,-0.0958841593368321
291,"Similarity","HD","TRAIN","tail-relevant",0.415735920687557,-0.924016935589741
292,"Same-Different","LD","TRAIN","tail-relevant",0.230224391815565,-0.379018178882305
293,"Similarity","HD","TRAIN","tail-relevant",0.208066019597096,-0.838210457804806
294,"Similarity","LD","TRAIN","tail-relevant",-0.314898592074747,0.253614176899635
295,"XAB","LD","TRAIN","tail-relevant",0.0645923005271781,0.0429534359332942
296,"Same-Different","LD","CONTROL","tail-relevant",-0.301035129832977,-0.327029479516087
297,"Same-Different","LD","TRAIN","tail-relevant",-0.145069031734323,-0.0249329831988728
298,"XAB","LD","CONTROL","tail-relevant",0.285789583042435,-0.000864038176316499
299,"XAB","HD","CONTROL","tail-relevant",0.255374956696587,-0.466714897671233
300,"Same-Different","LD","TRAIN","tail-relevant",0.919022250454885,-0.793559650144518
301,"Similarity","HD","CONTROL","tail-relevant",1.18934470798487,-0.756802313025149
302,"Similarity","LD","TRAIN","tail-relevant",0.184037548568869,-0.124445525419174
303,"Same-Different","HD","TRAIN","tail-relevant",0.739869046608043,0.397267627563271
304,"Similarity","LD","CONTROL","tail-relevant",0.791761507672324,-0.581459488512064
305,"XAB","HD","TRAIN","tail-relevant",0.409794120210079,0.0977718929044665
306,"Similarity","HD","CONTROL","tail-relevant",0.582365040934291,-0.479118193059712
307,"Same-Different","HD","CONTROL","tail-relevant",0.450721463002537,0.103501937110408
308,"XAB","LD","TRAIN","tail-relevant",0.230490262413621,-0.156604981988079
309,"Similarity","LD","CONTROL","tail-relevant",-1.18319400871613,-1.2466869162834
310,"Same-Different","LD","TRAIN","tail-relevant",0.20182108300234,0.311688826983165
311,"XAB","LD","CONTROL","tail-relevant",-0.418019952233383,-0.4976174591991
312,"Similarity","LD","TRAIN","tail-relevant",-0.305410109565142,-0.234162023539751
313,"Same-Different","LD","TRAIN","tail-relevant",-0.522506989133067,-0.22305208078365
314,"Similarity","HD","CONTROL","tail-relevant",0.511884382697067,-0.23780819115101
315,"XAB","HD","TRAIN","tail-relevant",0.295548286682814,0.155082097919783
316,"Same-Different","LD","CONTROL","tail-relevant",-0.229833215483592,-0.792117573846309
317,"Similarity","LD","TRAIN","tail-relevant",-0.340860402058666,-0.496066931012557
318,"Same-Different","LD","TRAIN","tail-relevant",0.279505346423126,0.244846213512313
319,"Similarity","LD","CONTROL","tail-relevant",0.365808975977229,-0.409721115120104
320,"XAB","LD","TRAIN","tail-relevant",-0.0656683213984733,0.155082097919783
321,"XAB","HD","CONTROL","tail-relevant",0.377955117423792,-0.160858775882603
322,"XAB","LD","TRAIN","tail-relevant",0.086097591882828,-0.343104651559766
323,"Similarity","LD","TRAIN","tail-relevant",-0.0179709634673642,0.159539283880488
324,"Same-Different","HD","CONTROL","tail-relevant",0.730074074263683,0.807145040867989
325,"Same-Different","HD","TRAIN","tail-relevant",0.612926205025138,-0.306233999769599
326,"Similarity","LD","TRAIN","tail-relevant",0.158737172840928,-0.69179845605042
327,"Same-Different","HD","CONTROL","tail-relevant",0.483669301225878,-0.66259290269804
328,"Similarity","HD","CONTROL","tail-relevant",0.0484159663327334,-0.375633326856557
329,"Same-Different","LD","CONTROL","tail-relevant",-0.116995134076565,-0.792117573846309
330,"Same-Different","LD","CONTROL","tail-relevant",0.166863164462986,-0.51812307718651
331,"XAB","HD","TRAIN","tail-relevant",0.160245179452695,-0.299154341831245
332,"XAB","HD","CONTROL","tail-relevant",0.357353409738548,-0.364530427552421
333,"Similarity","LD","CONTROL","tail-relevant",0.32248623177895,-0.419521279042677
334,"XAB","HD","CONTROL","tail-relevant",0.218760103492357,0.193288901263328
335,"Same-Different","LD","TRAIN","tail-relevant",0.572375019519488,0.14213683183759
336,"Same-Different","LD","CONTROL","tail-relevant",0.0747013792228721,-0.151753293081408
337,"Similarity","LD","TRAIN","tail-relevant",0.719840089199364,0.139710393829998
338,"Similarity","LD","TRAIN","tail-relevant",0.150306094580662,-0.655672758524223
339,"Similarity","HD","TRAIN","tail-relevant",-0.473297260287859,0.639837857203246
340,"Similarity","LD","TRAIN","tail-relevant",0.868543238322093,0.519326439778017
341,"Same-Different","HD","TRAIN","tail-relevant",-0.0959685934440058,-0.0358927630652647
342,"Similarity","HD","CONTROL","tail-relevant",-0.326425917007234,-0.961125290486203
343,"Same-Different","LD","CONTROL","tail-relevant",0.302033782815153,-0.0865817449473275
344,"XAB","LD","CONTROL","tail-relevant",0.282438109064931,-0.435076560868894
345,"Similarity","LD","CONTROL","tail-relevant",0.54398043666973,-0.0722982256542684
346,"XAB","HD","CONTROL","tail-relevant",0.23374316362708,0.0411964341072952
347,"Similarity","LD","CONTROL","tail-relevant",0.975454081495047,-0.482506550839871
348,"Similarity","HD","CONTROL","tail-relevant",0.806037507843387,-0.166535933693214
349,"Same-Different","LD","CONTROL","tail-relevant",-0.0865817449473275,-0.78728237684643
350,"XAB","HD","TRAIN","tail-relevant",0.471919003695517,-0.0890169234417503
351,"Same-Different","LD","TRAIN","tail-relevant",0.746165814543703,0.0888801154136589
352,"XAB","LD","CONTROL","tail-relevant",-0.0261553025560042,-0.386830725014163
353,"Similarity","LD","CONTROL","tail-relevant",0.712085993204097,0.363994863059654
354,"Same-Different","HD","CONTROL","tail-relevant",0.627672090663556,0.468257110788765
355,"Same-Different","HD","TRAIN","tail-relevant",0.647074571766738,-0.55726514813791
356,"XAB","LD","CONTROL","tail-relevant",-0.00729681629028045,-0.282091901876542
357,"Same-Different","HD","CONTROL","tail-relevant",-0.534984276980959,-0.788986208170196
358,"XAB","HD","CONTROL","tail-relevant",0.236373168863495,-0.0703380418071288
359,"XAB","LD","TRAIN","tail-relevant",-0.0523262630880293,-0.439245954090907
360,"Similarity","HD","CONTROL","tail-relevant",1.40704236242173,-0.433242775114431
361,"Same-Different","LD","CONTROL","tail-relevant",0.387250042211085,-0.0249329831988728
362,"Similarity","HD","TRAIN","tail-relevant",0.0845504222750711,-0.363160919027703
363,"Similarity","LD","TRAIN","tail-relevant",1.00206665851136,-0.889685765257858
364,"XAB","HD","TRAIN","tail-relevant",0.00929297989836388,0.236373168863495
365,"Similarity","LD","TRAIN","tail-relevant",0.355909434882147,-0.786218808533166
366,"XAB","LD","CONTROL","tail-relevant",0.451687544928878,-0.196420492840825
367,"XAB","HD","CONTROL","tail-relevant",0.0483277944598798,0.0849063366765384
368,"Similarity","HD","CONTROL","tail-relevant",0.340717069835239,-0.741789580973764
369,"Same-Different","LD","CONTROL","tail-relevant",0.443348520183328,-0.649105812175097
370,"XAB","HD","TRAIN","tail-relevant",0.127791524102966,0.0118065853814916
371,"XAB","LD","TRAIN","tail-relevant",-0.147388428549943,-0.0283105581292299
372,"Similarity","LD","TRAIN","tail-relevant",-0.121130827590758,-1.10397556369205
373,"XAB","HD","TRAIN","tail-relevant",-0.322502943874522,0.000785392109315451
374,"Similarity","HD","CONTROL","tail-relevant",0.87497113259118,0.117141986075164
375,"XAB","LD","CONTROL","tail-relevant",0.177824242767131,-0.215289975308453
376,"XAB","HD","CONTROL","tail-relevant",0.160245179452695,-0.0866344130291711
377,"Similarity","LD","CONTROL","tail-relevant",0.414745321336536,0.187391047207985
378,"Similarity","LD","CONTROL","tail-relevant",0.507353326455007,-0.405531901268871
379,"Similarity","LD","CONTROL","tail-relevant",1.25295348076614,-0.220627943762371
380,"XAB","LD","TRAIN","tail-relevant",0.0914040923472093,-0.0985860226398148
381,"Similarity","LD","CONTROL","tail-relevant",0.470489271913342,-0.183281411873562
382,"Similarity","HD","CONTROL","tail-relevant",0.458016260429969,-0.296324734765831
383,"XAB","HD","CONTROL","tail-relevant",0.441633122996366,0.0541584664462696
384,"Same-Different","HD","TRAIN","tail-relevant",0.572375019519488,0.0888801154136589
385,"XAB","LD","CONTROL","tail-relevant",-0.166017632307877,-0.4976174591991
386,"Similarity","LD","CONTROL","tail-relevant",0.865204256993103,0.219853365684284
387,"Same-Different","LD","CONTROL","tail-relevant",0.456514489503345,-0.275040780149868
388,"Similarity","HD","TRAIN","tail-relevant",1.08677905798493,-0.383524675329494
389,"XAB","HD","TRAIN","tail-relevant",0.330626870038771,0.357353409738548
390,"Same-Different","LD","CONTROL","tail-relevant",-0.412439485617731,0.0888801154136589
391,"XAB","LD","CONTROL","tail-relevant",-0.159062729571582,-0.372535662538687
392,"Similarity","HD","TRAIN","tail-relevant",1.54334468694846,1.41383424326623
393,"Same-Different","HD","TRAIN","tail-relevant",0.400812311610968,-0.259991419807016
394,"Similarity","LD","CONTROL","tail-relevant",0.0311502902911889,-1.02538039518271
395,"Same-Different","HD","TRAIN","tail-relevant",0.856233318059039,-0.04818100109728
396,"Similarity","LD","TRAIN","tail-relevant",0.481559230505397,-0.107791189988595
397,"XAB","HD","TRAIN","tail-relevant",-0.453838830367956,-0.154393009162926
398,"XAB","LD","CONTROL","tail-relevant",0.0557444092265678,-0.340936050750793
399,"Same-Different","LD","TRAIN","tail-relevant",0.551400268395876,-0.0503753293172827
400,"Similarity","HD","CONTROL","tail-relevant",-0.565785414329522,-0.871296052795849
401,"Similarity","LD","CONTROL","tail-relevant",0.728947106919649,0.051883400237557
402,"Same-Different","LD","CONTROL","tail-relevant",-0.412439485617731,-0.752611390606989
403,"XAB","HD","TRAIN","tail-relevant",0.562286186186506,0.105554760252226
404,"XAB","HD","TRAIN","tail-relevant",0.227856961431296,-0.278724315043377
405,"XAB","LD","TRAIN","tail-relevant",0.277889680095462,-0.244674270396931
406,"XAB","LD","CONTROL","tail-relevant",0.457039092086505,-0.147388428549943
407,"XAB","HD","TRAIN","tail-relevant",0.357353409738548,-0.278724315043377
408,"XAB","LD","CONTROL","tail-relevant",-0.290663941088235,-0.384308066930255
409,"XAB","HD","TRAIN","tail-relevant",0.393874618816936,0.0145098969388179
410,"Similarity","HD","TRAIN","tail-relevant",0.795619886096936,-0.278867209034304
411,"Same-Different","HD","TRAIN","tail-relevant",0.293585619168143,0.413458211456805
412,"Same-Different","HD","CONTROL","tail-relevant",0.478795360660295,0.0316925461108189
413,"XAB","LD","TRAIN","tail-relevant",-0.245623400561292,-0.301060350161308
414,"XAB","LD","TRAIN","tail-relevant",0.334176488592647,-0.222437506546191
415,"XAB","HD","CONTROL","tail-relevant",0.566539980081031,0.269702507950416
416,"Same-Different","HD","CONTROL","tail-relevant",0.429694922369978,-0.187959708711453
417,"Same-Different","HD","CONTROL","tail-relevant",0.465033646122179,-0.216120254201488
418,"Same-Different","HD","CONTROL","tail-relevant",0.400812311610968,-0.846916473178268
419,"XAB","HD","TRAIN","tail-relevant",-0.695327395855882,-0.384308066930255
420,"Same-Different","LD","TRAIN","tail-relevant",0.470997055755362,-0.0999209507057651
421,"XAB","LD","TRAIN","tail-relevant",-0.377802264503336,-0.0765974542697945
422,"XAB","LD","CONTROL","tail-relevant",0.155082097919783,-0.364530427552421
423,"Similarity","HD","CONTROL","tail-relevant",1.24673447626901,0.0233135047013811
424,"Same-Different","HD","CONTROL","tail-relevant",0.293585619168143,-0.500747816422718
425,"XAB","LD","TRAIN","tail-relevant",-0.237312098581483,-0.196420492840825
426,"Same-Different","HD","TRAIN","tail-relevant",0.657401698805529,0.286131357126663
427,"XAB","LD","TRAIN","tail-relevant",-0.464487686029585,-0.478988255441166
428,"XAB","HD","CONTROL","tail-relevant",0.282438109064931,0.252401313983528
429,"XAB","HD","CONTROL","tail-relevant",0.409794120210079,-0.260697820818788
430,"XAB","HD","TRAIN","tail-relevant",0.341088903671249,-0.301901236189277
431,"Same-Different","LD","CONTROL","tail-relevant",0.443348520183328,-0.748011142676682
432,"Similarity","HD","CONTROL","tail-relevant",0.588859032268067,-0.481840980561625
433,"Similarity","LD","CONTROL","tail-relevant",0.647520722890632,-0.455362858622729
434,"Similarity","HD","TRAIN","tail-relevant",0.913469232103663,-0.430325841025425
435,"Similarity","HD","TRAIN","tail-relevant",0.138152202543136,-0.649420001488565
436,"Similarity","HD","TRAIN","tail-relevant",0.116337524527063,0.0774689401713733
437,"XAB","HD","CONTROL","tail-relevant",0.596848261579515,-0.121307543288836
438,"XAB","HD","TRAIN","tail-relevant",0.293417075542961,0.122018518103254
439,"XAB","LD","CONTROL","tail-relevant",0.307909311293961,-0.280475460196623
440,"Same-Different","LD","CONTROL","tail-relevant",0.0316925461108189,-0.420061888908266
441,"Same-Different","LD","TRAIN","tail-relevant",0.279505346423126,0.00679269536173539
442,"Same-Different","LD","CONTROL","tail-relevant",0.601340152023524,0.0298659161330869
443,"Same-Different","LD","CONTROL","tail-relevant",0.166863164462986,-0.633489181043267
444,"Same-Different","HD","CONTROL","tail-relevant",0.279505346423126,0.0132601890627961
445,"Similarity","HD","TRAIN","tail-relevant",0.667937240076331,-0.934766377880708
446,"Same-Different","LD","CONTROL","tail-relevant",0.461186285068512,-0.530110336415376
447,"Same-Different","HD","CONTROL","tail-relevant",0.730074074263683,0.0298659161330869
448,"Same-Different","HD","CONTROL","tail-relevant",0.0542209825028467,-0.56400122546443
449,"Same-Different","HD","TRAIN","tail-relevant",0.504789710343404,0.113506341429236
450,"XAB","HD","CONTROL","tail-relevant",0.451687544928878,-0.0437492256027437
451,"XAB","HD","CONTROL","tail-relevant",-0.125499114134371,-0.183732950598441
452,"Same-Different","LD","TRAIN","tail-relevant",-0.55726514813791,0.0926841665867968
453,"Similarity","HD","TRAIN","tail-relevant",0.601852121612946,-0.347765167349335
454,"XAB","LD","TRAIN","tail-relevant",-0.693333682208923,-0.478160290829703
455,"Same-Different","HD","CONTROL","tail-relevant",0.239275995723076,-0.601151712537964
456,"Same-Different","LD","TRAIN","tail-relevant",0.335826437403195,0.358659312124845
457,"Same-Different","HD","CONTROL","tail-relevant",0.504789710343404,0.0787084133637466
458,"Similarity","LD","TRAIN","tail-relevant",0.813706034962302,0.274738798774383
459,"Similarity","HD","CONTROL","tail-relevant",0.0702929720002807,-0.710999721145364
460,"Similarity","HD","TRAIN","tail-relevant",0.660571935895991,0.0769061191383464
461,"Similarity","HD","CONTROL","tail-relevant",0.559487126510712,0.0701069430405227
462,"Same-Different","HD","TRAIN","tail-relevant",0.0823815279928816,-0.396347745337711
463,"Same-Different","LD","TRAIN","tail-relevant",0.311688826983165,0.331897058962725
464,"XAB","LD","CONTROL","tail-relevant",-0.392548750004353,-0.343945537587735
465,"Similarity","LD","CONTROL","tail-relevant",-0.123340626143035,-1.08888448107878
466,"Similarity","LD","CONTROL","tail-relevant",0.944141385319988,-0.254295209914958
467,"XAB","HD","CONTROL","tail-relevant",0.588092535813286,0.23374316362708
468,"XAB","HD","TRAIN","tail-relevant",-0.222437506546191,-0.112365525485028
469,"Similarity","HD","CONTROL","tail-relevant",0.583794910585764,-0.54575743065183
470,"Similarity","HD","TRAIN","tail-relevant",0.231614690149539,-0.559400174463954
471,"Similarity","LD","TRAIN","tail-relevant",0.411770592516162,-0.112551609681916
472,"Same-Different","HD","TRAIN","tail-relevant",-0.629677979397999,-0.00210010847722289
473,"Same-Different","LD","TRAIN","tail-relevant",0.673752983283613,-0.530110336415376
474,"Similarity","HD","CONTROL","tail-relevant",0.570681500755802,-0.230515855928494
475,"Similarity","LD","TRAIN","tail-relevant",-0.19509594199056,-0.867919971674314
476,"XAB","HD","CONTROL","tail-relevant",0.444214663762822,0.000785392109315451
477,"Similarity","LD","TRAIN","tail-relevant",0.505615821263298,-0.74908191619628
478,"XAB","LD","TRAIN","tail-relevant",0.137172658852497,-0.282091901876542
479,"Same-Different","HD","TRAIN","tail-relevant",0.322829262561641,-0.259991419807016
480,"XAB","LD","TRAIN","tail-relevant",-0.0523262630880293,-0.201269817880583
481,"XAB","LD","CONTROL","tail-relevant",-0.198892697763055,-0.660223794857637
482,"Same-Different","LD","TRAIN","tail-relevant",-0.771821685204842,-0.0262377188972528
483,"XAB","HD","TRAIN","tail-relevant",0.465512375086081,0.202840602099214
484,"Same-Different","LD","TRAIN","tail-relevant",-0.22305208078365,-0.13727072682939
485,"XAB","LD","CONTROL","tail-relevant",-0.123724304857433,-0.172404787882026
486,"Same-Different","HD","TRAIN","tail-relevant",0.540360925699238,0.279505346423126
487,"XAB","HD","CONTROL","tail-relevant",0.268508545345931,0.0627489898395509
488,"XAB","HD","TRAIN","tail-relevant",0.171938040571347,-0.112365525485028
489,"Same-Different","LD","CONTROL","tail-relevant",0.0888801154136589,-0.0465641276720148
490,"Same-Different","LD","TRAIN","tail-relevant",-0.846916473178268,-0.396347745337711
491,"XAB","HD","CONTROL","tail-relevant",0.307909311293961,0.146952990825412
492,"Similarity","HD","TRAIN","tail-relevant",0.534003159335254,0.0186389308407943
493,"XAB","LD","CONTROL","tail-relevant",0.307909311293961,-0.284978404876398
494,"Same-Different","HD","CONTROL","tail-relevant",0.579884498316831,-0.122788160577372
495,"XAB","LD","CONTROL","tail-relevant",0.171938040571347,-0.219494405448299
496,"Same-Different","HD","CONTROL","tail-relevant",0.395781147156173,-0.206634596773266
497,"Similarity","LD","TRAIN","tail-relevant",0.307570091551077,0.229053186740467
498,"Similarity","HD","TRAIN","tail-relevant",0.66105893853861,-0.0826435028052578
499,"Similarity","LD","TRAIN","tail-relevant",0.0570105042735556,-0.920586837170261
500,"Similarity","HD","TRAIN","tail-relevant",0.089224996135658,-0.492182002148176
501,"Same-Different","LD","TRAIN","tail-relevant",0.387250042211085,-0.0745129397373126
502,"Same-Different","HD","TRAIN","tail-relevant",0.504789710343404,-0.20968355808948
503,"Same-Different","LD","CONTROL","tail-relevant",0.271736920081047,-0.451295151171925
504,"Same-Different","HD","TRAIN","tail-relevant",0.330376009243834,-0.213304199652484
505,"Similarity","HD","TRAIN","tail-relevant",0.579874300251078,0.0268194350968214
506,"Similarity","LD","TRAIN","tail-relevant",-0.361550004458074,-0.306243952470003
507,"Same-Different","LD","CONTROL","tail-relevant",0.341652757159754,-0.62163210925799
508,"Similarity","HD","CONTROL","tail-relevant",1.53499688215427,1.0857506517356
509,"Same-Different","LD","TRAIN","tail-relevant",-0.301035129832977,-0.206634596773266
510,"Similarity","HD","TRAIN","tail-relevant",0.440378984542955,-0.116987455305237
511,"Same-Different","HD","TRAIN","tail-relevant",0.563559544409564,0.369619091991237
512,"XAB","LD","TRAIN","tail-relevant",0.377955117423792,-0.000864038176316499
513,"Similarity","HD","CONTROL","tail-relevant",-0.190662395991489,-0.478116075111587
514,"Similarity","HD","CONTROL","tail-relevant",0.965935888137752,0.102395099882008
515,"Similarity","LD","CONTROL","tail-relevant",0.154250778838455,-0.198429580949425
516,"Same-Different","HD","TRAIN","tail-relevant",0.746165814543703,0.014796218816798
517,"Similarity","LD","CONTROL","tail-relevant",-0.425445585914972,-1.00548097194839
